Unity Editor version:    2022.3.32f1 (c8300dc0a3fa)
Branch:                  2022.3/staging
Build type:              Release
Batch mode:              YES
macOS version:           Version 14.5 (Build 23F79)
Darwin version:          23.5.0
Architecture:            arm64
Running under Rosetta:   NO
Available memory:        8192 MB
Using pre-set license
Pro License: YES

COMMAND LINE ARGUMENTS:
/Applications/Unity/Hub/Editor/2022.3.32f1/Unity.app/Contents/MacOS/Unity
-adb2
-batchMode
-noUpm
-name
AssetImportWorker0
-projectPath
/Users/juliastolova/Documents/Way Home/Way-Home/Unity WH
-logFile
Logs/AssetImportWorker0.log
-srvPort
49558
Successfully changed project path to: /Users/juliastolova/Documents/Way Home/Way-Home/Unity WH
/Users/juliastolova/Documents/Way Home/Way-Home/Unity WH
[UnityMemory] Configuration Parameters - Can be set up in boot.config
    "memorysetup-bucket-allocator-granularity=16"
    "memorysetup-bucket-allocator-bucket-count=8"
    "memorysetup-bucket-allocator-block-size=33554432"
    "memorysetup-bucket-allocator-block-count=8"
    "memorysetup-main-allocator-block-size=16777216"
    "memorysetup-thread-allocator-block-size=16777216"
    "memorysetup-gfx-main-allocator-block-size=16777216"
    "memorysetup-gfx-thread-allocator-block-size=16777216"
    "memorysetup-cache-allocator-block-size=4194304"
    "memorysetup-typetree-allocator-block-size=2097152"
    "memorysetup-profiler-bucket-allocator-granularity=16"
    "memorysetup-profiler-bucket-allocator-bucket-count=8"
    "memorysetup-profiler-bucket-allocator-block-size=33554432"
    "memorysetup-profiler-bucket-allocator-block-count=8"
    "memorysetup-profiler-allocator-block-size=16777216"
    "memorysetup-profiler-editor-allocator-block-size=1048576"
    "memorysetup-temp-allocator-size-main=16777216"
    "memorysetup-job-temp-allocator-block-size=2097152"
    "memorysetup-job-temp-allocator-block-size-background=1048576"
    "memorysetup-job-temp-allocator-reduction-small-platforms=262144"
    "memorysetup-allocator-temp-initial-block-size-main=262144"
    "memorysetup-allocator-temp-initial-block-size-worker=262144"
    "memorysetup-temp-allocator-size-background-worker=32768"
    "memorysetup-temp-allocator-size-job-worker=262144"
    "memorysetup-temp-allocator-size-preload-manager=33554432"
    "memorysetup-temp-allocator-size-nav-mesh-worker=65536"
    "memorysetup-temp-allocator-size-audio-worker=65536"
    "memorysetup-temp-allocator-size-cloud-worker=32768"
    "memorysetup-temp-allocator-size-gi-baking-worker=262144"
    "memorysetup-temp-allocator-size-gfx=262144"
Player connection [8297991168] Host "[IP] 10.2.1.109 [Port] 0 [Flags] 2 [Guid] 1524092514 [EditorId] 1524092514 [Version] 1048832 [Id] OSXEditor(0,MacBook-Pro-Julia.local) [Debug] 1 [PackageName] OSXEditor [ProjectName] Editor" joined multi-casting on [225.0.0.222:54997]...

Player connection [8297991168] Host "[IP] 10.2.1.109 [Port] 0 [Flags] 2 [Guid] 1524092514 [EditorId] 1524092514 [Version] 1048832 [Id] OSXEditor(0,MacBook-Pro-Julia.local) [Debug] 1 [PackageName] OSXEditor [ProjectName] Editor" joined alternative multi-casting on [225.0.0.222:34997]...

[PhysX] Initialized MultithreadedTaskDispatcher with 8 workers.
Refreshing native plugins compatible for Editor in 51.23 ms, found 3 plugins.
Preloading 0 native plugins for Editor in 0.00 ms.
Initialize engine version: 2022.3.32f1 (c8300dc0a3fa)
[Subsystems] Discovering subsystems at path /Applications/Unity/Hub/Editor/2022.3.32f1/Unity.app/Contents/Resources/UnitySubsystems
[Subsystems] Discovering subsystems at path /Users/juliastolova/Documents/Way Home/Way-Home/Unity WH/Assets
GfxDevice: creating device client; threaded=0; jobified=0
 preferred device: Apple M1 (high power)
Metal devices available: 1
0: Apple M1 (high power)
Using device Apple M1 (high power)
Initializing Metal device caps: Apple M1
Initialize mono
Mono path[0] = '/Applications/Unity/Hub/Editor/2022.3.32f1/Unity.app/Contents/Managed'
Mono path[1] = '/Applications/Unity/Hub/Editor/2022.3.32f1/Unity.app/Contents/MonoBleedingEdge/lib/mono/unityjit-macos'
Mono config path = '/Applications/Unity/Hub/Editor/2022.3.32f1/Unity.app/Contents/MonoBleedingEdge/etc'
Using monoOptions --debugger-agent=transport=dt_socket,embedding=1,server=y,suspend=n,address=127.0.0.1:56422
Begin MonoManager ReloadAssembly
Registering precompiled unity dll's ...
Register platform support module: /Applications/Unity/Hub/Editor/2022.3.32f1/PlaybackEngines/WebGLSupport/UnityEditor.WebGL.Extensions.dll
Register platform support module: /Applications/Unity/Hub/Editor/2022.3.32f1/Unity.app/Contents/PlaybackEngines/MacStandaloneSupport/UnityEditor.OSXStandalone.Extensions.dll
Register platform support module: /Applications/Unity/Hub/Editor/2022.3.32f1/PlaybackEngines/WindowsStandaloneSupport/UnityEditor.WindowsStandalone.Extensions.dll
Registered in 0.006583 seconds.
- Loaded All Assemblies, in  0.584 seconds
Native extension for WindowsStandalone target not found
Native extension for OSXStandalone target not found
Native extension for WebGL target not found
Mono: successfully reloaded assembly
- Finished resetting the current domain, in  0.448 seconds
Domain Reload Profiling: 1032ms
	BeginReloadAssembly (139ms)
		ExecutionOrderSort (0ms)
		DisableScriptedObjects (0ms)
		BackupInstance (0ms)
		ReleaseScriptingObjects (0ms)
		CreateAndSetChildDomain (1ms)
	RebuildCommonClasses (52ms)
	RebuildNativeTypeToScriptingClass (19ms)
	initialDomainReloadingComplete (82ms)
	LoadAllAssembliesAndSetupDomain (291ms)
		LoadAssemblies (140ms)
		RebuildTransferFunctionScriptingTraits (0ms)
		AnalyzeDomain (286ms)
			TypeCache.Refresh (283ms)
				TypeCache.ScanAssembly (258ms)
			ScanForSourceGeneratedMonoScriptInfo (1ms)
			ResolveRequiredComponents (1ms)
	FinalizeReload (449ms)
		ReleaseScriptCaches (0ms)
		RebuildScriptCaches (0ms)
		SetupLoadedEditorAssemblies (347ms)
			LogAssemblyErrors (0ms)
			InitializePlatformSupportModulesInManaged (14ms)
			SetLoadedEditorAssemblies (10ms)
			RefreshPlugins (0ms)
			BeforeProcessingInitializeOnLoad (3ms)
			ProcessInitializeOnLoadAttributes (238ms)
			ProcessInitializeOnLoadMethodAttributes (81ms)
			AfterProcessingInitializeOnLoad (0ms)
			EditorAssembliesLoaded (0ms)
		ExecutionOrderSort2 (0ms)
		AwakeInstancesAfterBackupRestoration (0ms)
========================================================================
Worker process is ready to serve import requests
Begin MonoManager ReloadAssembly
- Loaded All Assemblies, in  1.149 seconds
Refreshing native plugins compatible for Editor in 6.95 ms, found 3 plugins.
Native extension for WindowsStandalone target not found
Native extension for OSXStandalone target not found
Native extension for WebGL target not found
Mono: successfully reloaded assembly
- Finished resetting the current domain, in  1.368 seconds
Domain Reload Profiling: 2520ms
	BeginReloadAssembly (174ms)
		ExecutionOrderSort (0ms)
		DisableScriptedObjects (5ms)
		BackupInstance (0ms)
		ReleaseScriptingObjects (0ms)
		CreateAndSetChildDomain (37ms)
	RebuildCommonClasses (90ms)
	RebuildNativeTypeToScriptingClass (30ms)
	initialDomainReloadingComplete (87ms)
	LoadAllAssembliesAndSetupDomain (771ms)
		LoadAssemblies (448ms)
		RebuildTransferFunctionScriptingTraits (0ms)
		AnalyzeDomain (402ms)
			TypeCache.Refresh (349ms)
				TypeCache.ScanAssembly (307ms)
			ScanForSourceGeneratedMonoScriptInfo (34ms)
			ResolveRequiredComponents (18ms)
	FinalizeReload (1368ms)
		ReleaseScriptCaches (0ms)
		RebuildScriptCaches (0ms)
		SetupLoadedEditorAssemblies (1123ms)
			LogAssemblyErrors (0ms)
			InitializePlatformSupportModulesInManaged (9ms)
			SetLoadedEditorAssemblies (10ms)
			RefreshPlugins (0ms)
			BeforeProcessingInitializeOnLoad (142ms)
			ProcessInitializeOnLoadAttributes (891ms)
			ProcessInitializeOnLoadMethodAttributes (70ms)
			AfterProcessingInitializeOnLoad (1ms)
			EditorAssembliesLoaded (0ms)
		ExecutionOrderSort2 (0ms)
		AwakeInstancesAfterBackupRestoration (5ms)
Launching external process: /Applications/Unity/Hub/Editor/2022.3.32f1/Unity.app/Contents/Tools/UnityShaderCompiler
Launched and connected shader compiler UnityShaderCompiler after 0.43 seconds
Refreshing native plugins compatible for Editor in 3.01 ms, found 3 plugins.
Preloading 0 native plugins for Editor in 0.00 ms.
Unloading 6306 Unused Serialized files (Serialized files now loaded: 0)
Unloading 140 unused Assets / (24.4 MB). Loaded Objects now: 6726.
Memory consumption went from 306.3 MB to 281.9 MB.
Total: 59.216416 ms (FindLiveObjects: 0.756084 ms CreateObjectMapping: 0.422916 ms MarkObjects: 14.504917 ms  DeleteObjects: 43.528334 ms)

AssetImportParameters requested are different than current active one (requested -> active):
  custom:container-demuxer-ogg: 62fdf1f143b41e24485cea50d1cbac27 -> 
  custom:video-decoder-ogg-theora: a1e56fd34408186e4bbccfd4996cb3dc -> 
  custom:CustomObjectIndexerAttribute: 72b91833f83ae208fae7752999fa3104 -> 
  custom:container-demuxer-webm: 4f35f7cbe854078d1ac9338744f61a02 -> 
  custom:container-muxer-webm: aa71ff27fc2769a1b78a27578f13a17b -> 
  custom:video-decoder-webm-vp8: 9c59270c3fd7afecdb556c50c9e8de78 -> 
  custom:SearchIndexIgnoredProperties: e643bd26f0fe6173181afceb89e7c659 -> 
  custom:AudioImporter_EditorPlatform: 3918e3fc78b5a79bad01e8451be0beb8 -> 
  custom:framework-osx-AVFoundation: e770b220cccbd017edd2c1fefb359320 -> 
  custom:video-encoder-webm-vp8: eb34c28f22e8b96e1ab97ce403110664 -> 
  custom:audio-decoder-ogg-vorbis: bf7c407c2cedff20999df2af8eb42d56 -> 
  custom:audio-encoder-webm-vorbis: bf7c407c2cedff20999df2af8eb42d56 -> 
========================================================================
Received Import Request.
  Time since last request: 71724.679964 seconds.
  path: Assets/Models/LowPolyInterior/Models/Walls
  artifactKey: Guid(ad3937e66858c6f42862c400512aa99c) Importer(815301076,1909f56bfc062723c751e8b465ee728b)
Start importing Assets/Models/LowPolyInterior/Models/Walls using Guid(ad3937e66858c6f42862c400512aa99c) Importer(815301076,1909f56bfc062723c751e8b465ee728b) [PhysX] Initialized MultithreadedTaskDispatcher with 8 workers.
 -> (artifact id: '869792f9ed724adbd4473e7852068cdc') in 0.008834 seconds
Number of updated asset objects reloaded before import = 0
Number of asset objects unloaded after import = 0
========================================================================
Received Import Request.
  Time since last request: 0.017019 seconds.
  path: Assets/Models/LowPolyInterior/Models/Walls/Corner_01.fbx
  artifactKey: Guid(10d2db88a89166c4b9454c214ef4f77e) Importer(815301076,1909f56bfc062723c751e8b465ee728b)
Start importing Assets/Models/LowPolyInterior/Models/Walls/Corner_01.fbx using Guid(10d2db88a89166c4b9454c214ef4f77e) Importer(815301076,1909f56bfc062723c751e8b465ee728b) [PhysX] Initialized MultithreadedTaskDispatcher with 8 workers.
[PhysX] Initialized MultithreadedTaskDispatcher with 8 workers.
[PhysX] Initialized MultithreadedTaskDispatcher with 8 workers.
 -> (artifact id: 'd3c649c774f30d9bb4e0256ed6f0ebdf') in 0.484765 seconds
Number of updated asset objects reloaded before import = 0
Number of asset objects unloaded after import = 9
========================================================================
Received Import Request.
  Time since last request: 0.000117 seconds.
  path: Assets/Models/LowPolyInterior/Models/Walls/Corner_06.fbx
  artifactKey: Guid(d194444cadf1b2e4b8d1f448ec6c52f9) Importer(815301076,1909f56bfc062723c751e8b465ee728b)
Start importing Assets/Models/LowPolyInterior/Models/Walls/Corner_06.fbx using Guid(d194444cadf1b2e4b8d1f448ec6c52f9) Importer(815301076,1909f56bfc062723c751e8b465ee728b) [PhysX] Initialized MultithreadedTaskDispatcher with 8 workers.
[PhysX] Initialized MultithreadedTaskDispatcher with 8 workers.
[PhysX] Initialized MultithreadedTaskDispatcher with 8 workers.
 -> (artifact id: 'd8393656fc03399268ba4faa6239f9bb') in 0.017914 seconds
Number of updated asset objects reloaded before import = 0
Number of asset objects unloaded after import = 8
========================================================================
Received Import Request.
  Time since last request: 0.000068 seconds.
  path: Assets/Models/LowPolyInterior/Models/Walls/Corner_15.fbx
  artifactKey: Guid(7421979fa1150094aaa06426ee813a89) Importer(815301076,1909f56bfc062723c751e8b465ee728b)
Start importing Assets/Models/LowPolyInterior/Models/Walls/Corner_15.fbx using Guid(7421979fa1150094aaa06426ee813a89) Importer(815301076,1909f56bfc062723c751e8b465ee728b) [PhysX] Initialized MultithreadedTaskDispatcher with 8 workers.
[PhysX] Initialized MultithreadedTaskDispatcher with 8 workers.
[PhysX] Initialized MultithreadedTaskDispatcher with 8 workers.
 -> (artifact id: '4c3164d94e731039417dc2065e20559c') in 0.017658 seconds
Number of updated asset objects reloaded before import = 0
Number of asset objects unloaded after import = 8
========================================================================
Received Import Request.
  Time since last request: 0.000114 seconds.
  path: Assets/Models/LowPolyInterior/Models/Walls/StairsPart_03.fbx
  artifactKey: Guid(9805150098502cd46a4160015e7662d7) Importer(815301076,1909f56bfc062723c751e8b465ee728b)
Start importing Assets/Models/LowPolyInterior/Models/Walls/StairsPart_03.fbx using Guid(9805150098502cd46a4160015e7662d7) Importer(815301076,1909f56bfc062723c751e8b465ee728b) [PhysX] Initialized MultithreadedTaskDispatcher with 8 workers.
[PhysX] Initialized MultithreadedTaskDispatcher with 8 workers.
[PhysX] Initialized MultithreadedTaskDispatcher with 8 workers.
 -> (artifact id: '409897043a3c3ed187c823daaec79a78') in 0.016083 seconds
Number of updated asset objects reloaded before import = 0
Number of asset objects unloaded after import = 8
========================================================================
Received Import Request.
  Time since last request: 0.000065 seconds.
  path: Assets/Models/LowPolyInterior/Models/Walls/Stairs_03.fbx
  artifactKey: Guid(3fb39c3ed28b07748b9a1b36e2c99694) Importer(815301076,1909f56bfc062723c751e8b465ee728b)
Start importing Assets/Models/LowPolyInterior/Models/Walls/Stairs_03.fbx using Guid(3fb39c3ed28b07748b9a1b36e2c99694) Importer(815301076,1909f56bfc062723c751e8b465ee728b) [PhysX] Initialized MultithreadedTaskDispatcher with 8 workers.
[PhysX] Initialized MultithreadedTaskDispatcher with 8 workers.
[PhysX] Initialized MultithreadedTaskDispatcher with 8 workers.
 -> (artifact id: '3cf9cac5e1efd0d06c1bc4ffe91e7001') in 0.013361 seconds
Number of updated asset objects reloaded before import = 0
Number of asset objects unloaded after import = 8
========================================================================
Received Import Request.
  Time since last request: 0.000077 seconds.
  path: Assets/Models/LowPolyInterior/Models/Walls/Corner_09.fbx
  artifactKey: Guid(470685e51bc1b5f4d99ad0d671623ec7) Importer(815301076,1909f56bfc062723c751e8b465ee728b)
Start importing Assets/Models/LowPolyInterior/Models/Walls/Corner_09.fbx using Guid(470685e51bc1b5f4d99ad0d671623ec7) Importer(815301076,1909f56bfc062723c751e8b465ee728b) [PhysX] Initialized MultithreadedTaskDispatcher with 8 workers.
[PhysX] Initialized MultithreadedTaskDispatcher with 8 workers.
[PhysX] Initialized MultithreadedTaskDispatcher with 8 workers.
 -> (artifact id: '6d775b245e330f8c12663c65d88fb2fc') in 0.012470 seconds
Number of updated asset objects reloaded before import = 0
Number of asset objects unloaded after import = 8
========================================================================
Received Import Request.
  Time since last request: 0.000150 seconds.
  path: Assets/Models/LowPolyInterior/Models/Walls/Corner_03.fbx
  artifactKey: Guid(b9641cb18eb151140b463e86de99a082) Importer(815301076,1909f56bfc062723c751e8b465ee728b)
Start importing Assets/Models/LowPolyInterior/Models/Walls/Corner_03.fbx using Guid(b9641cb18eb151140b463e86de99a082) Importer(815301076,1909f56bfc062723c751e8b465ee728b) [PhysX] Initialized MultithreadedTaskDispatcher with 8 workers.
[PhysX] Initialized MultithreadedTaskDispatcher with 8 workers.
[PhysX] Initialized MultithreadedTaskDispatcher with 8 workers.
 -> (artifact id: '1d9bce0737d34bcf72ce0b0f87028903') in 0.014771 seconds
Number of updated asset objects reloaded before import = 0
Number of asset objects unloaded after import = 8
========================================================================
Received Import Request.
  Time since last request: 0.000070 seconds.
  path: Assets/Models/LowPolyInterior/Models/Walls/Wall_04.fbx
  artifactKey: Guid(633e299012850224ca7f120ceee9bde4) Importer(815301076,1909f56bfc062723c751e8b465ee728b)
Start importing Assets/Models/LowPolyInterior/Models/Walls/Wall_04.fbx using Guid(633e299012850224ca7f120ceee9bde4) Importer(815301076,1909f56bfc062723c751e8b465ee728b) [PhysX] Initialized MultithreadedTaskDispatcher with 8 workers.
[PhysX] Initialized MultithreadedTaskDispatcher with 8 workers.
[PhysX] Initialized MultithreadedTaskDispatcher with 8 workers.
[PhysX] Initialized MultithreadedTaskDispatcher with 8 workers.
 -> (artifact id: '2d2c3e3755a67e09a15a83e22f1eaff4') in 0.021677 seconds
Number of updated asset objects reloaded before import = 0
Number of asset objects unloaded after import = 10
========================================================================
Received Import Request.
  Time since last request: 0.000149 seconds.
  path: Assets/Models/LowPolyInterior/Models/Walls/Door_04.fbx
  artifactKey: Guid(89800be33369c07418ec9fe483d66596) Importer(815301076,1909f56bfc062723c751e8b465ee728b)
Start importing Assets/Models/LowPolyInterior/Models/Walls/Door_04.fbx using Guid(89800be33369c07418ec9fe483d66596) Importer(815301076,1909f56bfc062723c751e8b465ee728b) [PhysX] Initialized MultithreadedTaskDispatcher with 8 workers.
[PhysX] Initialized MultithreadedTaskDispatcher with 8 workers.
[PhysX] Initialized MultithreadedTaskDispatcher with 8 workers.
 -> (artifact id: '9a15b0334d66308ed85d0fafcab09de0') in 0.014640 seconds
Number of updated asset objects reloaded before import = 0
Number of asset objects unloaded after import = 8
========================================================================
Received Import Request.
  Time since last request: 0.000154 seconds.
  path: Assets/Models/LowPolyInterior/Models/Walls/Corner_16.fbx
  artifactKey: Guid(84221acb4e61a08428a80a218fbce87b) Importer(815301076,1909f56bfc062723c751e8b465ee728b)
Start importing Assets/Models/LowPolyInterior/Models/Walls/Corner_16.fbx using Guid(84221acb4e61a08428a80a218fbce87b) Importer(815301076,1909f56bfc062723c751e8b465ee728b) [PhysX] Initialized MultithreadedTaskDispatcher with 8 workers.
[PhysX] Initialized MultithreadedTaskDispatcher with 8 workers.
[PhysX] Initialized MultithreadedTaskDispatcher with 8 workers.
 -> (artifact id: '4cca6af6c2128e44091f575ad803ba62') in 0.013957 seconds
Number of updated asset objects reloaded before import = 0
Number of asset objects unloaded after import = 8
========================================================================
Received Import Request.
  Time since last request: 0.000087 seconds.
  path: Assets/Models/LowPolyInterior/Models/Walls/Raling_01.fbx
  artifactKey: Guid(ecbc7302ab4e63f458be10f3388c4538) Importer(815301076,1909f56bfc062723c751e8b465ee728b)
Start importing Assets/Models/LowPolyInterior/Models/Walls/Raling_01.fbx using Guid(ecbc7302ab4e63f458be10f3388c4538) Importer(815301076,1909f56bfc062723c751e8b465ee728b) [PhysX] Initialized MultithreadedTaskDispatcher with 8 workers.
[PhysX] Initialized MultithreadedTaskDispatcher with 8 workers.
[PhysX] Initialized MultithreadedTaskDispatcher with 8 workers.
[PhysX] Initialized MultithreadedTaskDispatcher with 8 workers.
 -> (artifact id: 'd812e05e6ea52feb674482912929fff2') in 0.021546 seconds
Number of updated asset objects reloaded before import = 0
Number of asset objects unloaded after import = 10
========================================================================
Received Import Request.
  Time since last request: 0.622083 seconds.
  path: Assets/Models/LowPolyInterior/Models/Walls/Wall_05.fbx
  artifactKey: Guid(6fb73bcdda47cdb4b89c5a91971e88f2) Importer(815301076,1909f56bfc062723c751e8b465ee728b)
Start importing Assets/Models/LowPolyInterior/Models/Walls/Wall_05.fbx using Guid(6fb73bcdda47cdb4b89c5a91971e88f2) Importer(815301076,1909f56bfc062723c751e8b465ee728b) [PhysX] Initialized MultithreadedTaskDispatcher with 8 workers.
[PhysX] Initialized MultithreadedTaskDispatcher with 8 workers.
[PhysX] Initialized MultithreadedTaskDispatcher with 8 workers.
[PhysX] Initialized MultithreadedTaskDispatcher with 8 workers.
 -> (artifact id: 'cefe24b36b27fe95136ae7ce84f2eb92') in 0.018756 seconds
Number of updated asset objects reloaded before import = 0
Number of asset objects unloaded after import = 10
========================================================================
Received Import Request.
  Time since last request: 0.000269 seconds.
  path: Assets/Models/LowPolyInterior/Models/Walls/Wall_07.fbx
  artifactKey: Guid(687c53fc86eeef74e9ff05e04805776a) Importer(815301076,1909f56bfc062723c751e8b465ee728b)
Start importing Assets/Models/LowPolyInterior/Models/Walls/Wall_07.fbx using Guid(687c53fc86eeef74e9ff05e04805776a) Importer(815301076,1909f56bfc062723c751e8b465ee728b) [PhysX] Initialized MultithreadedTaskDispatcher with 8 workers.
[PhysX] Initialized MultithreadedTaskDispatcher with 8 workers.
[PhysX] Initialized MultithreadedTaskDispatcher with 8 workers.
[PhysX] Initialized MultithreadedTaskDispatcher with 8 workers.
 -> (artifact id: '2761142265f9726c710995c86ca94da8') in 0.019189 seconds
Number of updated asset objects reloaded before import = 0
Number of asset objects unloaded after import = 10
========================================================================
Received Import Request.
  Time since last request: 0.000135 seconds.
  path: Assets/Models/LowPolyInterior/Models/Walls/Wall_08.fbx
  artifactKey: Guid(ef395fc7e4ffdb540a577bee35adaef2) Importer(815301076,1909f56bfc062723c751e8b465ee728b)
Start importing Assets/Models/LowPolyInterior/Models/Walls/Wall_08.fbx using Guid(ef395fc7e4ffdb540a577bee35adaef2) Importer(815301076,1909f56bfc062723c751e8b465ee728b) [PhysX] Initialized MultithreadedTaskDispatcher with 8 workers.
[PhysX] Initialized MultithreadedTaskDispatcher with 8 workers.
[PhysX] Initialized MultithreadedTaskDispatcher with 8 workers.
[PhysX] Initialized MultithreadedTaskDispatcher with 8 workers.
 -> (artifact id: '96fb8fd5963d8c745b8c0559c740e6f7') in 0.015896 seconds
Number of updated asset objects reloaded before import = 0
Number of asset objects unloaded after import = 10
========================================================================
Received Import Request.
  Time since last request: 0.000140 seconds.
  path: Assets/Models/LowPolyInterior/Models/Walls/Wall_10.fbx
  artifactKey: Guid(b7f19e557e3a89d4caf330eb23139a88) Importer(815301076,1909f56bfc062723c751e8b465ee728b)
Start importing Assets/Models/LowPolyInterior/Models/Walls/Wall_10.fbx using Guid(b7f19e557e3a89d4caf330eb23139a88) Importer(815301076,1909f56bfc062723c751e8b465ee728b) [PhysX] Initialized MultithreadedTaskDispatcher with 8 workers.
[PhysX] Initialized MultithreadedTaskDispatcher with 8 workers.
[PhysX] Initialized MultithreadedTaskDispatcher with 8 workers.
[PhysX] Initialized MultithreadedTaskDispatcher with 8 workers.
 -> (artifact id: 'c36eacadcf316c72ae1f8c7371643c35') in 0.017473 seconds
Number of updated asset objects reloaded before import = 0
Number of asset objects unloaded after import = 10
========================================================================
Received Import Request.
  Time since last request: 0.000066 seconds.
  path: Assets/Models/LowPolyInterior/Models/Walls/Wall_13.fbx
  artifactKey: Guid(bcc55a9b80f451c43a729c7acc5d5335) Importer(815301076,1909f56bfc062723c751e8b465ee728b)
Start importing Assets/Models/LowPolyInterior/Models/Walls/Wall_13.fbx using Guid(bcc55a9b80f451c43a729c7acc5d5335) Importer(815301076,1909f56bfc062723c751e8b465ee728b) [PhysX] Initialized MultithreadedTaskDispatcher with 8 workers.
[PhysX] Initialized MultithreadedTaskDispatcher with 8 workers.
[PhysX] Initialized MultithreadedTaskDispatcher with 8 workers.
[PhysX] Initialized MultithreadedTaskDispatcher with 8 workers.
 -> (artifact id: '653f7ecc2a353eff1d1dd1c6ac215b4d') in 0.015083 seconds
Number of updated asset objects reloaded before import = 0
Number of asset objects unloaded after import = 10
========================================================================
Received Import Request.
  Time since last request: 0.273447 seconds.
  path: Assets/Models/LowPolyInterior/Models/Walls/WallFloor1_03.fbx
  artifactKey: Guid(3e478806576b9df49a3c60a05a2019fb) Importer(815301076,1909f56bfc062723c751e8b465ee728b)
Start importing Assets/Models/LowPolyInterior/Models/Walls/WallFloor1_03.fbx using Guid(3e478806576b9df49a3c60a05a2019fb) Importer(815301076,1909f56bfc062723c751e8b465ee728b) [PhysX] Initialized MultithreadedTaskDispatcher with 8 workers.
[PhysX] Initialized MultithreadedTaskDispatcher with 8 workers.
[PhysX] Initialized MultithreadedTaskDispatcher with 8 workers.
[PhysX] Initialized MultithreadedTaskDispatcher with 8 workers.
 -> (artifact id: '040b1bc127b7f9d084fe11ccc17c449a') in 0.016746 seconds
Number of updated asset objects reloaded before import = 0
Number of asset objects unloaded after import = 10
========================================================================
Received Import Request.
  Time since last request: 0.000228 seconds.
  path: Assets/Models/LowPolyInterior/Models/Walls/WallFloor1_06.fbx
  artifactKey: Guid(78dc77fde52cf1e41bdd98aac841db86) Importer(815301076,1909f56bfc062723c751e8b465ee728b)
Start importing Assets/Models/LowPolyInterior/Models/Walls/WallFloor1_06.fbx using Guid(78dc77fde52cf1e41bdd98aac841db86) Importer(815301076,1909f56bfc062723c751e8b465ee728b) [PhysX] Initialized MultithreadedTaskDispatcher with 8 workers.
[PhysX] Initialized MultithreadedTaskDispatcher with 8 workers.
[PhysX] Initialized MultithreadedTaskDispatcher with 8 workers.
[PhysX] Initialized MultithreadedTaskDispatcher with 8 workers.
 -> (artifact id: 'db77f31b0ac58fc13b3b8410d80d4dfe') in 0.016753 seconds
Number of updated asset objects reloaded before import = 0
Number of asset objects unloaded after import = 10
========================================================================
Received Import Request.
  Time since last request: 0.000106 seconds.
  path: Assets/Models/LowPolyInterior/Models/Walls/WallFloor1_08.fbx
  artifactKey: Guid(b63af86f7f25f7c43bd381fe8cefbdc2) Importer(815301076,1909f56bfc062723c751e8b465ee728b)
Start importing Assets/Models/LowPolyInterior/Models/Walls/WallFloor1_08.fbx using Guid(b63af86f7f25f7c43bd381fe8cefbdc2) Importer(815301076,1909f56bfc062723c751e8b465ee728b) [PhysX] Initialized MultithreadedTaskDispatcher with 8 workers.
[PhysX] Initialized MultithreadedTaskDispatcher with 8 workers.
[PhysX] Initialized MultithreadedTaskDispatcher with 8 workers.
[PhysX] Initialized MultithreadedTaskDispatcher with 8 workers.
 -> (artifact id: '3c079324191459d4b31c62260d6a4f10') in 0.018983 seconds
Number of updated asset objects reloaded before import = 0
Number of asset objects unloaded after import = 10
========================================================================
Received Import Request.
  Time since last request: 0.000089 seconds.
  path: Assets/Models/LowPolyInterior/Models/Walls/WallFloor1_05.fbx
  artifactKey: Guid(bf8464ce15d0956478e955f5979f5c6f) Importer(815301076,1909f56bfc062723c751e8b465ee728b)
Start importing Assets/Models/LowPolyInterior/Models/Walls/WallFloor1_05.fbx using Guid(bf8464ce15d0956478e955f5979f5c6f) Importer(815301076,1909f56bfc062723c751e8b465ee728b) [PhysX] Initialized MultithreadedTaskDispatcher with 8 workers.
[PhysX] Initialized MultithreadedTaskDispatcher with 8 workers.
[PhysX] Initialized MultithreadedTaskDispatcher with 8 workers.
[PhysX] Initialized MultithreadedTaskDispatcher with 8 workers.
 -> (artifact id: '771e7744c1651ca3f846d1ad338d3f56') in 0.015580 seconds
Number of updated asset objects reloaded before import = 0
Number of asset objects unloaded after import = 10
========================================================================
Received Import Request.
  Time since last request: 0.000207 seconds.
  path: Assets/Models/LowPolyInterior/Models/Walls/WallFloor1_11.fbx
  artifactKey: Guid(662c9f3773b13ac4c8bd5668202a214a) Importer(815301076,1909f56bfc062723c751e8b465ee728b)
Start importing Assets/Models/LowPolyInterior/Models/Walls/WallFloor1_11.fbx using Guid(662c9f3773b13ac4c8bd5668202a214a) Importer(815301076,1909f56bfc062723c751e8b465ee728b) [PhysX] Initialized MultithreadedTaskDispatcher with 8 workers.
[PhysX] Initialized MultithreadedTaskDispatcher with 8 workers.
[PhysX] Initialized MultithreadedTaskDispatcher with 8 workers.
[PhysX] Initialized MultithreadedTaskDispatcher with 8 workers.
 -> (artifact id: 'eb80caa58da2c582f9201b120686ac0b') in 0.016166 seconds
Number of updated asset objects reloaded before import = 0
Number of asset objects unloaded after import = 10
========================================================================
Received Import Request.
  Time since last request: 0.000097 seconds.
  path: Assets/Models/LowPolyInterior/Models/Walls/WallFloor1_10.fbx
  artifactKey: Guid(c96e404203c298a40b0382c3eca31a71) Importer(815301076,1909f56bfc062723c751e8b465ee728b)
Start importing Assets/Models/LowPolyInterior/Models/Walls/WallFloor1_10.fbx using Guid(c96e404203c298a40b0382c3eca31a71) Importer(815301076,1909f56bfc062723c751e8b465ee728b) [PhysX] Initialized MultithreadedTaskDispatcher with 8 workers.
[PhysX] Initialized MultithreadedTaskDispatcher with 8 workers.
[PhysX] Initialized MultithreadedTaskDispatcher with 8 workers.
[PhysX] Initialized MultithreadedTaskDispatcher with 8 workers.
 -> (artifact id: '99333f332536ab0f2dc3278aeb64f21a') in 0.020414 seconds
Number of updated asset objects reloaded before import = 0
Number of asset objects unloaded after import = 10
========================================================================
Received Import Request.
  Time since last request: 8.600194 seconds.
  path: Assets/Models/LowPolyInterior/Models/Walls/WallFloor2_02.fbx
  artifactKey: Guid(f98746aacc8d49d49b899d2935062f5d) Importer(815301076,1909f56bfc062723c751e8b465ee728b)
Start importing Assets/Models/LowPolyInterior/Models/Walls/WallFloor2_02.fbx using Guid(f98746aacc8d49d49b899d2935062f5d) Importer(815301076,1909f56bfc062723c751e8b465ee728b) [PhysX] Initialized MultithreadedTaskDispatcher with 8 workers.
[PhysX] Initialized MultithreadedTaskDispatcher with 8 workers.
[PhysX] Initialized MultithreadedTaskDispatcher with 8 workers.
[PhysX] Initialized MultithreadedTaskDispatcher with 8 workers.
 -> (artifact id: '37a67d0559ee3a13f0d7d052e5431a11') in 0.022272 seconds
Number of updated asset objects reloaded before import = 0
Number of asset objects unloaded after import = 10
========================================================================
Received Import Request.
  Time since last request: 0.000159 seconds.
  path: Assets/Models/LowPolyInterior/Models/Walls/WallFloor2_21.fbx
  artifactKey: Guid(8492c2ea27aa241418e0911bc7754f1d) Importer(815301076,1909f56bfc062723c751e8b465ee728b)
Start importing Assets/Models/LowPolyInterior/Models/Walls/WallFloor2_21.fbx using Guid(8492c2ea27aa241418e0911bc7754f1d) Importer(815301076,1909f56bfc062723c751e8b465ee728b) [PhysX] Initialized MultithreadedTaskDispatcher with 8 workers.
[PhysX] Initialized MultithreadedTaskDispatcher with 8 workers.
[PhysX] Initialized MultithreadedTaskDispatcher with 8 workers.
[PhysX] Initialized MultithreadedTaskDispatcher with 8 workers.
 -> (artifact id: '415f2900f31e5a23de786ba36f0b1f82') in 0.019364 seconds
Number of updated asset objects reloaded before import = 0
Number of asset objects unloaded after import = 10
========================================================================
Received Import Request.
  Time since last request: 0.000137 seconds.
  path: Assets/Models/LowPolyInterior/Models/Walls/WallFloor2_23.fbx
  artifactKey: Guid(291bcbface22177459bde34ee6b579d2) Importer(815301076,1909f56bfc062723c751e8b465ee728b)
Start importing Assets/Models/LowPolyInterior/Models/Walls/WallFloor2_23.fbx using Guid(291bcbface22177459bde34ee6b579d2) Importer(815301076,1909f56bfc062723c751e8b465ee728b) [PhysX] Initialized MultithreadedTaskDispatcher with 8 workers.
[PhysX] Initialized MultithreadedTaskDispatcher with 8 workers.
[PhysX] Initialized MultithreadedTaskDispatcher with 8 workers.
[PhysX] Initialized MultithreadedTaskDispatcher with 8 workers.
 -> (artifact id: 'e828e9fc7395e2be9523ae3a0b608e47') in 0.017375 seconds
Number of updated asset objects reloaded before import = 0
Number of asset objects unloaded after import = 10
========================================================================
Received Import Request.
  Time since last request: 0.000129 seconds.
  path: Assets/Models/LowPolyInterior/Models/Walls/WallFloor2_09.fbx
  artifactKey: Guid(7d0ea26a5f5b8144b961f465631b8f0e) Importer(815301076,1909f56bfc062723c751e8b465ee728b)
Start importing Assets/Models/LowPolyInterior/Models/Walls/WallFloor2_09.fbx using Guid(7d0ea26a5f5b8144b961f465631b8f0e) Importer(815301076,1909f56bfc062723c751e8b465ee728b) [PhysX] Initialized MultithreadedTaskDispatcher with 8 workers.
[PhysX] Initialized MultithreadedTaskDispatcher with 8 workers.
[PhysX] Initialized MultithreadedTaskDispatcher with 8 workers.
[PhysX] Initialized MultithreadedTaskDispatcher with 8 workers.
 -> (artifact id: 'ad6235aec31e547b22edff27b0f5b465') in 0.017172 seconds
Number of updated asset objects reloaded before import = 0
Number of asset objects unloaded after import = 10
========================================================================
Received Import Request.
  Time since last request: 0.000116 seconds.
  path: Assets/Models/LowPolyInterior/Models/Walls/WallFloor2_08.fbx
  artifactKey: Guid(6d47d6a8687c08542a555e2e5a519089) Importer(815301076,1909f56bfc062723c751e8b465ee728b)
Start importing Assets/Models/LowPolyInterior/Models/Walls/WallFloor2_08.fbx using Guid(6d47d6a8687c08542a555e2e5a519089) Importer(815301076,1909f56bfc062723c751e8b465ee728b) [PhysX] Initialized MultithreadedTaskDispatcher with 8 workers.
[PhysX] Initialized MultithreadedTaskDispatcher with 8 workers.
[PhysX] Initialized MultithreadedTaskDispatcher with 8 workers.
[PhysX] Initialized MultithreadedTaskDispatcher with 8 workers.
 -> (artifact id: '1e57dc6bf6ac4ebe4893b5dad3eae80a') in 0.017433 seconds
Number of updated asset objects reloaded before import = 0
Number of asset objects unloaded after import = 10
========================================================================
Received Import Request.
  Time since last request: 0.000070 seconds.
  path: Assets/Models/LowPolyInterior/Models/Walls/WallFloor2_15.fbx
  artifactKey: Guid(2c9a28c78c2dd9b4b8dcce03f446fb10) Importer(815301076,1909f56bfc062723c751e8b465ee728b)
Start importing Assets/Models/LowPolyInterior/Models/Walls/WallFloor2_15.fbx using Guid(2c9a28c78c2dd9b4b8dcce03f446fb10) Importer(815301076,1909f56bfc062723c751e8b465ee728b) [PhysX] Initialized MultithreadedTaskDispatcher with 8 workers.
[PhysX] Initialized MultithreadedTaskDispatcher with 8 workers.
[PhysX] Initialized MultithreadedTaskDispatcher with 8 workers.
[PhysX] Initialized MultithreadedTaskDispatcher with 8 workers.
 -> (artifact id: '5119c6c42931ba6430fa690824bfdf88') in 0.017529 seconds
Number of updated asset objects reloaded before import = 0
Number of asset objects unloaded after import = 10
========================================================================
Received Import Request.
  Time since last request: 0.000104 seconds.
  path: Assets/Models/LowPolyInterior/Models/Walls/WallFloor2_12.fbx
  artifactKey: Guid(e4bbc49817a97a4429ac4157cc2f5af0) Importer(815301076,1909f56bfc062723c751e8b465ee728b)
Start importing Assets/Models/LowPolyInterior/Models/Walls/WallFloor2_12.fbx using Guid(e4bbc49817a97a4429ac4157cc2f5af0) Importer(815301076,1909f56bfc062723c751e8b465ee728b) [PhysX] Initialized MultithreadedTaskDispatcher with 8 workers.
[PhysX] Initialized MultithreadedTaskDispatcher with 8 workers.
[PhysX] Initialized MultithreadedTaskDispatcher with 8 workers.
[PhysX] Initialized MultithreadedTaskDispatcher with 8 workers.
 -> (artifact id: '19146590a4168cacad67cd290e10a46f') in 0.016171 seconds
Number of updated asset objects reloaded before import = 0
Number of asset objects unloaded after import = 10
========================================================================
Received Import Request.
  Time since last request: 0.000075 seconds.
  path: Assets/Models/LowPolyInterior/Models/Walls/WallFloor2_06.fbx
  artifactKey: Guid(e59f6463627cd5749b3b8fa65aaa67d5) Importer(815301076,1909f56bfc062723c751e8b465ee728b)
Start importing Assets/Models/LowPolyInterior/Models/Walls/WallFloor2_06.fbx using Guid(e59f6463627cd5749b3b8fa65aaa67d5) Importer(815301076,1909f56bfc062723c751e8b465ee728b) [PhysX] Initialized MultithreadedTaskDispatcher with 8 workers.
[PhysX] Initialized MultithreadedTaskDispatcher with 8 workers.
[PhysX] Initialized MultithreadedTaskDispatcher with 8 workers.
[PhysX] Initialized MultithreadedTaskDispatcher with 8 workers.
 -> (artifact id: 'c58f6969e9a28a72b5913f195767b8fb') in 0.022277 seconds
Number of updated asset objects reloaded before import = 0
Number of asset objects unloaded after import = 10
========================================================================
Received Import Request.
  Time since last request: 0.000179 seconds.
  path: Assets/Models/LowPolyInterior/Models/Walls/WallFloor2_22.fbx
  artifactKey: Guid(79d5ba9fbd3774f438ce2df15204c1f0) Importer(815301076,1909f56bfc062723c751e8b465ee728b)
Start importing Assets/Models/LowPolyInterior/Models/Walls/WallFloor2_22.fbx using Guid(79d5ba9fbd3774f438ce2df15204c1f0) Importer(815301076,1909f56bfc062723c751e8b465ee728b) [PhysX] Initialized MultithreadedTaskDispatcher with 8 workers.
[PhysX] Initialized MultithreadedTaskDispatcher with 8 workers.
[PhysX] Initialized MultithreadedTaskDispatcher with 8 workers.
[PhysX] Initialized MultithreadedTaskDispatcher with 8 workers.
 -> (artifact id: 'a3a14d988a3559c62b26e50d9c611c02') in 0.030564 seconds
Number of updated asset objects reloaded before import = 0
Number of asset objects unloaded after import = 10
========================================================================
Received Import Request.
  Time since last request: 0.000135 seconds.
  path: Assets/Models/LowPolyInterior/Models/Walls/WallFloor2_04.fbx
  artifactKey: Guid(bc7149e60be52f64cb19336fb13e5fc6) Importer(815301076,1909f56bfc062723c751e8b465ee728b)
Start importing Assets/Models/LowPolyInterior/Models/Walls/WallFloor2_04.fbx using Guid(bc7149e60be52f64cb19336fb13e5fc6) Importer(815301076,1909f56bfc062723c751e8b465ee728b) [PhysX] Initialized MultithreadedTaskDispatcher with 8 workers.
[PhysX] Initialized MultithreadedTaskDispatcher with 8 workers.
[PhysX] Initialized MultithreadedTaskDispatcher with 8 workers.
[PhysX] Initialized MultithreadedTaskDispatcher with 8 workers.
 -> (artifact id: '9e257fa6039d39b971964f4e3bb2be3a') in 0.032061 seconds
Number of updated asset objects reloaded before import = 0
Number of asset objects unloaded after import = 10
========================================================================
Received Import Request.
  Time since last request: 0.000642 seconds.
  path: Assets/Models/LowPolyInterior/Models/Walls/WallFloor2_17.fbx
  artifactKey: Guid(78b87dcd64d6bdc498e43797021b26b2) Importer(815301076,1909f56bfc062723c751e8b465ee728b)
Start importing Assets/Models/LowPolyInterior/Models/Walls/WallFloor2_17.fbx using Guid(78b87dcd64d6bdc498e43797021b26b2) Importer(815301076,1909f56bfc062723c751e8b465ee728b) [PhysX] Initialized MultithreadedTaskDispatcher with 8 workers.
[PhysX] Initialized MultithreadedTaskDispatcher with 8 workers.
[PhysX] Initialized MultithreadedTaskDispatcher with 8 workers.
[PhysX] Initialized MultithreadedTaskDispatcher with 8 workers.
 -> (artifact id: '64d728e3df0678a929bf7f9fca92412d') in 0.039684 seconds
Number of updated asset objects reloaded before import = 0
Number of asset objects unloaded after import = 10
========================================================================
Received Import Request.
  Time since last request: 0.000303 seconds.
  path: Assets/Models/LowPolyInterior/Models/Walls/WallFloor2_24.fbx
  artifactKey: Guid(5f10fc2ad23d7d24b93e15dec172dbec) Importer(815301076,1909f56bfc062723c751e8b465ee728b)
Start importing Assets/Models/LowPolyInterior/Models/Walls/WallFloor2_24.fbx using Guid(5f10fc2ad23d7d24b93e15dec172dbec) Importer(815301076,1909f56bfc062723c751e8b465ee728b) [PhysX] Initialized MultithreadedTaskDispatcher with 8 workers.
[PhysX] Initialized MultithreadedTaskDispatcher with 8 workers.
[PhysX] Initialized MultithreadedTaskDispatcher with 8 workers.
[PhysX] Initialized MultithreadedTaskDispatcher with 8 workers.
 -> (artifact id: '1d495d8e732233d7e7e12cc99d3bbd49') in 0.031524 seconds
Number of updated asset objects reloaded before import = 0
Number of asset objects unloaded after import = 10
========================================================================
Received Prepare
Begin MonoManager ReloadAssembly
Thread 0x32ab87000 may have been prematurely finalized
- Loaded All Assemblies, in  0.991 seconds
Refreshing native plugins compatible for Editor in 7.87 ms, found 3 plugins.
Native extension for WindowsStandalone target not found
Native extension for OSXStandalone target not found
Native extension for WebGL target not found
Mono: successfully reloaded assembly
- Finished resetting the current domain, in  3.280 seconds
Domain Reload Profiling: 4273ms
	BeginReloadAssembly (286ms)
		ExecutionOrderSort (0ms)
		DisableScriptedObjects (17ms)
		BackupInstance (0ms)
		ReleaseScriptingObjects (0ms)
		CreateAndSetChildDomain (109ms)
	RebuildCommonClasses (72ms)
	RebuildNativeTypeToScriptingClass (24ms)
	initialDomainReloadingComplete (35ms)
	LoadAllAssembliesAndSetupDomain (576ms)
		LoadAssemblies (603ms)
		RebuildTransferFunctionScriptingTraits (0ms)
		AnalyzeDomain (72ms)
			TypeCache.Refresh (35ms)
				TypeCache.ScanAssembly (0ms)
			ScanForSourceGeneratedMonoScriptInfo (1ms)
			ResolveRequiredComponents (35ms)
	FinalizeReload (3280ms)
		ReleaseScriptCaches (0ms)
		RebuildScriptCaches (0ms)
		SetupLoadedEditorAssemblies (1486ms)
			LogAssemblyErrors (0ms)
			InitializePlatformSupportModulesInManaged (12ms)
			SetLoadedEditorAssemblies (9ms)
			RefreshPlugins (0ms)
			BeforeProcessingInitializeOnLoad (175ms)
			ProcessInitializeOnLoadAttributes (1202ms)
			ProcessInitializeOnLoadMethodAttributes (85ms)
			AfterProcessingInitializeOnLoad (3ms)
			EditorAssembliesLoaded (0ms)
		ExecutionOrderSort2 (0ms)
		AwakeInstancesAfterBackupRestoration (26ms)
Refreshing native plugins compatible for Editor in 5.22 ms, found 3 plugins.
Preloading 0 native plugins for Editor in 0.00 ms.
Unloading 6052 Unused Serialized files (Serialized files now loaded: 0)
Unloading 99 unused Assets / (24.4 MB). Loaded Objects now: 6781.
Memory consumption went from 266.5 MB to 242.1 MB.
Total: 13.047833 ms (FindLiveObjects: 0.464167 ms CreateObjectMapping: 0.212791 ms MarkObjects: 8.017708 ms  DeleteObjects: 4.352167 ms)

Prepare: number of updated asset objects reloaded= 0
AssetImportParameters requested are different than current active one (requested -> active):
  custom:container-demuxer-ogg: 62fdf1f143b41e24485cea50d1cbac27 -> 
  custom:video-decoder-ogg-theora: a1e56fd34408186e4bbccfd4996cb3dc -> 
  custom:CustomObjectIndexerAttribute: 72b91833f83ae208fae7752999fa3104 -> 
  custom:container-demuxer-webm: 4f35f7cbe854078d1ac9338744f61a02 -> 
  custom:container-muxer-webm: aa71ff27fc2769a1b78a27578f13a17b -> 
  custom:video-decoder-webm-vp8: 9c59270c3fd7afecdb556c50c9e8de78 -> 
  custom:SearchIndexIgnoredProperties: e643bd26f0fe6173181afceb89e7c659 -> 
  custom:AudioImporter_EditorPlatform: 3918e3fc78b5a79bad01e8451be0beb8 -> 
  custom:framework-osx-AVFoundation: e770b220cccbd017edd2c1fefb359320 -> 
  custom:video-encoder-webm-vp8: eb34c28f22e8b96e1ab97ce403110664 -> 
  custom:audio-decoder-ogg-vorbis: bf7c407c2cedff20999df2af8eb42d56 -> 
  custom:audio-encoder-webm-vorbis: bf7c407c2cedff20999df2af8eb42d56 -> 
========================================================================
Received Import Request.
  Time since last request: 1626.857451 seconds.
  path: Assets/Models/LowPolyInterior/Prefabs/Curtains
  artifactKey: Guid(dc6d105c9c32cd144947a08f3f71c118) Importer(815301076,1909f56bfc062723c751e8b465ee728b)
Start importing Assets/Models/LowPolyInterior/Prefabs/Curtains using Guid(dc6d105c9c32cd144947a08f3f71c118) Importer(815301076,1909f56bfc062723c751e8b465ee728b) [PhysX] Initialized MultithreadedTaskDispatcher with 8 workers.
 -> (artifact id: 'bc2fdb9a43f4b1c8624475f4c782467d') in 0.007027 seconds
Number of updated asset objects reloaded before import = 0
Number of asset objects unloaded after import = 0
========================================================================
Received Import Request.
  Time since last request: 0.000251 seconds.
  path: Assets/Models/LowPolyInterior/Prefabs/Curtains/Curtains_01.prefab
  artifactKey: Guid(4298b58306f12b748bd9556bfb5a7ca4) Importer(815301076,1909f56bfc062723c751e8b465ee728b)
Start importing Assets/Models/LowPolyInterior/Prefabs/Curtains/Curtains_01.prefab using Guid(4298b58306f12b748bd9556bfb5a7ca4) Importer(815301076,1909f56bfc062723c751e8b465ee728b) [PhysX] Initialized MultithreadedTaskDispatcher with 8 workers.
[PhysX] Initialized MultithreadedTaskDispatcher with 8 workers.
 -> (artifact id: 'b99de1035ac4170cda92a47dc632cd01') in 0.312146 seconds
Number of updated asset objects reloaded before import = 0
Number of asset objects unloaded after import = 30
========================================================================
Received Import Request.
  Time since last request: 0.000048 seconds.
  path: Assets/Models/LowPolyInterior/Prefabs/Curtains/Curtains_14.prefab
  artifactKey: Guid(c4ec042fcf6bce94c93837bd66ab0856) Importer(815301076,1909f56bfc062723c751e8b465ee728b)
Start importing Assets/Models/LowPolyInterior/Prefabs/Curtains/Curtains_14.prefab using Guid(c4ec042fcf6bce94c93837bd66ab0856) Importer(815301076,1909f56bfc062723c751e8b465ee728b) [PhysX] Initialized MultithreadedTaskDispatcher with 8 workers.
[PhysX] Initialized MultithreadedTaskDispatcher with 8 workers.
 -> (artifact id: '6c89ae52c070418a6a1e035301f6cfba') in 0.012829 seconds
Number of updated asset objects reloaded before import = 0
Number of asset objects unloaded after import = 11
========================================================================
Received Import Request.
  Time since last request: 0.000036 seconds.
  path: Assets/Models/LowPolyInterior/Prefabs/Curtains/Curtains_11.prefab
  artifactKey: Guid(572b313671ec4ab4ab5641af88cb83a2) Importer(815301076,1909f56bfc062723c751e8b465ee728b)
Start importing Assets/Models/LowPolyInterior/Prefabs/Curtains/Curtains_11.prefab using Guid(572b313671ec4ab4ab5641af88cb83a2) Importer(815301076,1909f56bfc062723c751e8b465ee728b) [PhysX] Initialized MultithreadedTaskDispatcher with 8 workers.
[PhysX] Initialized MultithreadedTaskDispatcher with 8 workers.
 -> (artifact id: 'e902a69c04336c08ab0c9caa59521cb7') in 0.009144 seconds
Number of updated asset objects reloaded before import = 0
Number of asset objects unloaded after import = 11
========================================================================
Received Import Request.
  Time since last request: 0.000180 seconds.
  path: Assets/Models/LowPolyInterior/Prefabs/Curtains/Curtains_12.prefab
  artifactKey: Guid(d169f97397607e246acc14c8c4dbde7e) Importer(815301076,1909f56bfc062723c751e8b465ee728b)
Start importing Assets/Models/LowPolyInterior/Prefabs/Curtains/Curtains_12.prefab using Guid(d169f97397607e246acc14c8c4dbde7e) Importer(815301076,1909f56bfc062723c751e8b465ee728b) [PhysX] Initialized MultithreadedTaskDispatcher with 8 workers.
[PhysX] Initialized MultithreadedTaskDispatcher with 8 workers.
 -> (artifact id: '925f01727ebb5b3ee8ce5580c1d4d825') in 0.009800 seconds
Number of updated asset objects reloaded before import = 0
Number of asset objects unloaded after import = 11
========================================================================
Received Import Request.
  Time since last request: 0.000041 seconds.
  path: Assets/Models/LowPolyInterior/Prefabs/Curtains/Curtains_08.prefab
  artifactKey: Guid(a8039421ea018464a97f3e7fdbd1d1c6) Importer(815301076,1909f56bfc062723c751e8b465ee728b)
Start importing Assets/Models/LowPolyInterior/Prefabs/Curtains/Curtains_08.prefab using Guid(a8039421ea018464a97f3e7fdbd1d1c6) Importer(815301076,1909f56bfc062723c751e8b465ee728b) [PhysX] Initialized MultithreadedTaskDispatcher with 8 workers.
[PhysX] Initialized MultithreadedTaskDispatcher with 8 workers.
 -> (artifact id: 'e6d4fef1affda1565ffe77ad1b17fa61') in 0.013326 seconds
Number of updated asset objects reloaded before import = 0
Number of asset objects unloaded after import = 11
========================================================================
Received Import Request.
  Time since last request: 0.000051 seconds.
  path: Assets/Models/LowPolyInterior/Prefabs/Curtains/Curtains_04.prefab
  artifactKey: Guid(0415a68ac5c342a4786798d69b85a359) Importer(815301076,1909f56bfc062723c751e8b465ee728b)
Start importing Assets/Models/LowPolyInterior/Prefabs/Curtains/Curtains_04.prefab using Guid(0415a68ac5c342a4786798d69b85a359) Importer(815301076,1909f56bfc062723c751e8b465ee728b) [PhysX] Initialized MultithreadedTaskDispatcher with 8 workers.
[PhysX] Initialized MultithreadedTaskDispatcher with 8 workers.
 -> (artifact id: '39a9af3b025c062571d8a7f0eadd62da') in 0.009095 seconds
Number of updated asset objects reloaded before import = 0
Number of asset objects unloaded after import = 11
========================================================================
Received Import Request.
  Time since last request: 0.000042 seconds.
  path: Assets/Models/LowPolyInterior/Prefabs/Curtains/Curtains_13.prefab
  artifactKey: Guid(c9a248fbb4209cc4f9ea331c061d279b) Importer(815301076,1909f56bfc062723c751e8b465ee728b)
Start importing Assets/Models/LowPolyInterior/Prefabs/Curtains/Curtains_13.prefab using Guid(c9a248fbb4209cc4f9ea331c061d279b) Importer(815301076,1909f56bfc062723c751e8b465ee728b) [PhysX] Initialized MultithreadedTaskDispatcher with 8 workers.
[PhysX] Initialized MultithreadedTaskDispatcher with 8 workers.
 -> (artifact id: '7fb843e5e1f1df273fed2378c4c1b99d') in 0.009083 seconds
Number of updated asset objects reloaded before import = 0
Number of asset objects unloaded after import = 11
========================================================================
Received Import Request.
  Time since last request: 0.000039 seconds.
  path: Assets/Models/LowPolyInterior/Prefabs/Curtains/Curtains_15.prefab
  artifactKey: Guid(bfaf03b9f4dd4a3449ff39c13eac918e) Importer(815301076,1909f56bfc062723c751e8b465ee728b)
Start importing Assets/Models/LowPolyInterior/Prefabs/Curtains/Curtains_15.prefab using Guid(bfaf03b9f4dd4a3449ff39c13eac918e) Importer(815301076,1909f56bfc062723c751e8b465ee728b) [PhysX] Initialized MultithreadedTaskDispatcher with 8 workers.
[PhysX] Initialized MultithreadedTaskDispatcher with 8 workers.
 -> (artifact id: 'b7b6ecef8935934358139df6f5ca7ca0') in 0.008909 seconds
Number of updated asset objects reloaded before import = 0
Number of asset objects unloaded after import = 11
========================================================================
Received Import Request.
  Time since last request: 51.554569 seconds.
  path: Assets/Models/LowPolyInterior/Prefabs/Kitchen
  artifactKey: Guid(c31dd7e4551d1844590798bbaf78569c) Importer(815301076,1909f56bfc062723c751e8b465ee728b)
Start importing Assets/Models/LowPolyInterior/Prefabs/Kitchen using Guid(c31dd7e4551d1844590798bbaf78569c) Importer(815301076,1909f56bfc062723c751e8b465ee728b) [PhysX] Initialized MultithreadedTaskDispatcher with 8 workers.
 -> (artifact id: 'd26c94fbc320fa217d412dd119d70b51') in 0.004350 seconds
Number of updated asset objects reloaded before import = 0
Number of asset objects unloaded after import = 0
========================================================================
Received Import Request.
  Time since last request: 0.022753 seconds.
  path: Assets/Models/LowPolyInterior/Prefabs/Kitchen/Bar_01.prefab
  artifactKey: Guid(0218401f715ead44b9f5f40f40281f79) Importer(815301076,1909f56bfc062723c751e8b465ee728b)
Start importing Assets/Models/LowPolyInterior/Prefabs/Kitchen/Bar_01.prefab using Guid(0218401f715ead44b9f5f40f40281f79) Importer(815301076,1909f56bfc062723c751e8b465ee728b) [PhysX] Initialized MultithreadedTaskDispatcher with 8 workers.
[PhysX] Initialized MultithreadedTaskDispatcher with 8 workers.
 -> (artifact id: 'f73c22bf4aa3636c0bce45e74dc767b7') in 0.071525 seconds
Number of updated asset objects reloaded before import = 0
Number of asset objects unloaded after import = 11
========================================================================
Received Import Request.
  Time since last request: 0.000067 seconds.
  path: Assets/Models/LowPolyInterior/Prefabs/Kitchen/BarChair_01.prefab
  artifactKey: Guid(369197b4a257890428e2f96748724d97) Importer(815301076,1909f56bfc062723c751e8b465ee728b)
Start importing Assets/Models/LowPolyInterior/Prefabs/Kitchen/BarChair_01.prefab using Guid(369197b4a257890428e2f96748724d97) Importer(815301076,1909f56bfc062723c751e8b465ee728b) [PhysX] Initialized MultithreadedTaskDispatcher with 8 workers.
[PhysX] Initialized MultithreadedTaskDispatcher with 8 workers.
 -> (artifact id: '96b7209780f298ac7482386242b2312a') in 0.013718 seconds
Number of updated asset objects reloaded before import = 0
Number of asset objects unloaded after import = 11
========================================================================
Received Import Request.
  Time since last request: 0.000751 seconds.
  path: Assets/Models/LowPolyInterior/Prefabs/Kitchen/KitchenTabletop2_08.prefab
  artifactKey: Guid(54be4c07d1267ae449721fa7be13f847) Importer(815301076,1909f56bfc062723c751e8b465ee728b)
Start importing Assets/Models/LowPolyInterior/Prefabs/Kitchen/KitchenTabletop2_08.prefab using Guid(54be4c07d1267ae449721fa7be13f847) Importer(815301076,1909f56bfc062723c751e8b465ee728b) [PhysX] Initialized MultithreadedTaskDispatcher with 8 workers.
[PhysX] Initialized MultithreadedTaskDispatcher with 8 workers.
 -> (artifact id: '690f42d0534c072befcfe062a8c9a79b') in 0.010743 seconds
Number of updated asset objects reloaded before import = 0
Number of asset objects unloaded after import = 11
========================================================================
Received Import Request.
  Time since last request: 0.000051 seconds.
  path: Assets/Models/LowPolyInterior/Prefabs/Kitchen/KitchenTable_01.prefab
  artifactKey: Guid(51725fec2f7152c4e9c5920b7ac97bb4) Importer(815301076,1909f56bfc062723c751e8b465ee728b)
Start importing Assets/Models/LowPolyInterior/Prefabs/Kitchen/KitchenTable_01.prefab using Guid(51725fec2f7152c4e9c5920b7ac97bb4) Importer(815301076,1909f56bfc062723c751e8b465ee728b) [PhysX] Initialized MultithreadedTaskDispatcher with 8 workers.
[PhysX] Initialized MultithreadedTaskDispatcher with 8 workers.
 -> (artifact id: '65d93856b931e043d0fe4f8f7704b596') in 0.018458 seconds
Number of updated asset objects reloaded before import = 0
Number of asset objects unloaded after import = 11
========================================================================
Received Import Request.
  Time since last request: 0.000066 seconds.
  path: Assets/Models/LowPolyInterior/Prefabs/Kitchen/KitchenTable_03.prefab
  artifactKey: Guid(aa22990f5027dfb45bc21b9e2521adc0) Importer(815301076,1909f56bfc062723c751e8b465ee728b)
Start importing Assets/Models/LowPolyInterior/Prefabs/Kitchen/KitchenTable_03.prefab using Guid(aa22990f5027dfb45bc21b9e2521adc0) Importer(815301076,1909f56bfc062723c751e8b465ee728b) [PhysX] Initialized MultithreadedTaskDispatcher with 8 workers.
[PhysX] Initialized MultithreadedTaskDispatcher with 8 workers.
 -> (artifact id: '47d4f12413342d3b161e411e934f2d38') in 0.013559 seconds
Number of updated asset objects reloaded before import = 0
Number of asset objects unloaded after import = 11
========================================================================
Received Import Request.
  Time since last request: 0.000077 seconds.
  path: Assets/Models/LowPolyInterior/Prefabs/Kitchen/KitchenTabletop2_02.prefab
  artifactKey: Guid(42c015a860478124c9c68d19f20b9253) Importer(815301076,1909f56bfc062723c751e8b465ee728b)
Start importing Assets/Models/LowPolyInterior/Prefabs/Kitchen/KitchenTabletop2_02.prefab using Guid(42c015a860478124c9c68d19f20b9253) Importer(815301076,1909f56bfc062723c751e8b465ee728b) [PhysX] Initialized MultithreadedTaskDispatcher with 8 workers.
[PhysX] Initialized MultithreadedTaskDispatcher with 8 workers.
 -> (artifact id: 'd3e253c1575cd0a24f7073c3c3708a09') in 0.020754 seconds
Number of updated asset objects reloaded before import = 0
Number of asset objects unloaded after import = 11
========================================================================
Received Import Request.
  Time since last request: 0.000183 seconds.
  path: Assets/Models/LowPolyInterior/Prefabs/Kitchen/KitchenTabletop2_07.prefab
  artifactKey: Guid(d18988a82dd8ede4b81bd9a0602f893c) Importer(815301076,1909f56bfc062723c751e8b465ee728b)
Start importing Assets/Models/LowPolyInterior/Prefabs/Kitchen/KitchenTabletop2_07.prefab using Guid(d18988a82dd8ede4b81bd9a0602f893c) Importer(815301076,1909f56bfc062723c751e8b465ee728b) [PhysX] Initialized MultithreadedTaskDispatcher with 8 workers.
[PhysX] Initialized MultithreadedTaskDispatcher with 8 workers.
 -> (artifact id: '74719a57bfb56b2e0cdea5a10ba09f91') in 0.022382 seconds
Number of updated asset objects reloaded before import = 0
Number of asset objects unloaded after import = 11
========================================================================
Received Import Request.
  Time since last request: 0.000146 seconds.
  path: Assets/Models/LowPolyInterior/Prefabs/Kitchen/KitchenTabletop2_06.prefab
  artifactKey: Guid(c24a3337d5fe21b4ab1885510f8620e6) Importer(815301076,1909f56bfc062723c751e8b465ee728b)
Start importing Assets/Models/LowPolyInterior/Prefabs/Kitchen/KitchenTabletop2_06.prefab using Guid(c24a3337d5fe21b4ab1885510f8620e6) Importer(815301076,1909f56bfc062723c751e8b465ee728b) [PhysX] Initialized MultithreadedTaskDispatcher with 8 workers.
[PhysX] Initialized MultithreadedTaskDispatcher with 8 workers.
 -> (artifact id: 'f5ccdbc1c2ed5cbd2e8b9975b96a9d40') in 0.022000 seconds
Number of updated asset objects reloaded before import = 0
Number of asset objects unloaded after import = 11
========================================================================
Received Import Request.
  Time since last request: 0.001923 seconds.
  path: Assets/Models/LowPolyInterior/Prefabs/Kitchen/KitchenTable_02.prefab
  artifactKey: Guid(caea58059a95c7b489169dee009640fe) Importer(815301076,1909f56bfc062723c751e8b465ee728b)
Start importing Assets/Models/LowPolyInterior/Prefabs/Kitchen/KitchenTable_02.prefab using Guid(caea58059a95c7b489169dee009640fe) Importer(815301076,1909f56bfc062723c751e8b465ee728b) [PhysX] Initialized MultithreadedTaskDispatcher with 8 workers.
[PhysX] Initialized MultithreadedTaskDispatcher with 8 workers.
 -> (artifact id: '5fa51c3a0c6e8a5d6f7cf3f00d413716') in 0.020569 seconds
Number of updated asset objects reloaded before import = 0
Number of asset objects unloaded after import = 11
========================================================================
Received Import Request.
  Time since last request: 0.000109 seconds.
  path: Assets/Models/LowPolyInterior/Prefabs/Kitchen/KitchenTabletop1_08.prefab
  artifactKey: Guid(dab8756f9cf6476458f93c826c80e787) Importer(815301076,1909f56bfc062723c751e8b465ee728b)
Start importing Assets/Models/LowPolyInterior/Prefabs/Kitchen/KitchenTabletop1_08.prefab using Guid(dab8756f9cf6476458f93c826c80e787) Importer(815301076,1909f56bfc062723c751e8b465ee728b) [PhysX] Initialized MultithreadedTaskDispatcher with 8 workers.
[PhysX] Initialized MultithreadedTaskDispatcher with 8 workers.
 -> (artifact id: 'b0482397b3362e9ee1b370c1074eb533') in 0.017722 seconds
Number of updated asset objects reloaded before import = 0
Number of asset objects unloaded after import = 11
========================================================================
Received Import Request.
  Time since last request: 0.000654 seconds.
  path: Assets/Models/LowPolyInterior/Prefabs/Kitchen/KitchenTabletop2_03.prefab
  artifactKey: Guid(e579dae7eabdac140818cbd898ffe37b) Importer(815301076,1909f56bfc062723c751e8b465ee728b)
Start importing Assets/Models/LowPolyInterior/Prefabs/Kitchen/KitchenTabletop2_03.prefab using Guid(e579dae7eabdac140818cbd898ffe37b) Importer(815301076,1909f56bfc062723c751e8b465ee728b) [PhysX] Initialized MultithreadedTaskDispatcher with 8 workers.
[PhysX] Initialized MultithreadedTaskDispatcher with 8 workers.
 -> (artifact id: '073d902dcc1913aca7dbfbd9a1576de8') in 0.015591 seconds
Number of updated asset objects reloaded before import = 0
Number of asset objects unloaded after import = 11
========================================================================
Received Import Request.
  Time since last request: 0.000111 seconds.
  path: Assets/Models/LowPolyInterior/Prefabs/Kitchen/KitchenTabletop3_03.prefab
  artifactKey: Guid(e6d1e3b6e24a78a49af9bb891e47f2d2) Importer(815301076,1909f56bfc062723c751e8b465ee728b)
Start importing Assets/Models/LowPolyInterior/Prefabs/Kitchen/KitchenTabletop3_03.prefab using Guid(e6d1e3b6e24a78a49af9bb891e47f2d2) Importer(815301076,1909f56bfc062723c751e8b465ee728b) [PhysX] Initialized MultithreadedTaskDispatcher with 8 workers.
[PhysX] Initialized MultithreadedTaskDispatcher with 8 workers.
 -> (artifact id: '9ac872e235a4f2c136064a3d6a289a90') in 0.017198 seconds
Number of updated asset objects reloaded before import = 0
Number of asset objects unloaded after import = 11
========================================================================
Received Import Request.
  Time since last request: 0.000115 seconds.
  path: Assets/Models/LowPolyInterior/Prefabs/Kitchen/KitchenTabletop2_05.prefab
  artifactKey: Guid(a39a1a5a02f4b2a4884f6c0b49ea2bc8) Importer(815301076,1909f56bfc062723c751e8b465ee728b)
Start importing Assets/Models/LowPolyInterior/Prefabs/Kitchen/KitchenTabletop2_05.prefab using Guid(a39a1a5a02f4b2a4884f6c0b49ea2bc8) Importer(815301076,1909f56bfc062723c751e8b465ee728b) [PhysX] Initialized MultithreadedTaskDispatcher with 8 workers.
[PhysX] Initialized MultithreadedTaskDispatcher with 8 workers.
 -> (artifact id: 'e6257f2afbe0046351137e06707d3a7a') in 0.018938 seconds
Number of updated asset objects reloaded before import = 0
Number of asset objects unloaded after import = 11
========================================================================
Received Import Request.
  Time since last request: 0.000123 seconds.
  path: Assets/Models/LowPolyInterior/Prefabs/Kitchen/Oven.prefab
  artifactKey: Guid(1c34766b42224fb4b8019ef4e6a7c994) Importer(815301076,1909f56bfc062723c751e8b465ee728b)
Start importing Assets/Models/LowPolyInterior/Prefabs/Kitchen/Oven.prefab using Guid(1c34766b42224fb4b8019ef4e6a7c994) Importer(815301076,1909f56bfc062723c751e8b465ee728b) [PhysX] Initialized MultithreadedTaskDispatcher with 8 workers.
[PhysX] Initialized MultithreadedTaskDispatcher with 8 workers.
 -> (artifact id: '2a79d3f18139746c3483e50d798abe80') in 0.020152 seconds
Number of updated asset objects reloaded before import = 0
Number of asset objects unloaded after import = 11
========================================================================
Received Import Request.
  Time since last request: 0.000084 seconds.
  path: Assets/Models/LowPolyInterior/Prefabs/Kitchen/KitchenTabletop1_05.prefab
  artifactKey: Guid(ee0b8f191133c4046a97d0f9eb1f1411) Importer(815301076,1909f56bfc062723c751e8b465ee728b)
Start importing Assets/Models/LowPolyInterior/Prefabs/Kitchen/KitchenTabletop1_05.prefab using Guid(ee0b8f191133c4046a97d0f9eb1f1411) Importer(815301076,1909f56bfc062723c751e8b465ee728b) [PhysX] Initialized MultithreadedTaskDispatcher with 8 workers.
[PhysX] Initialized MultithreadedTaskDispatcher with 8 workers.
 -> (artifact id: '38594ce4c195066d35262ea36dd304ee') in 0.021226 seconds
Number of updated asset objects reloaded before import = 0
Number of asset objects unloaded after import = 11
========================================================================
Received Import Request.
  Time since last request: 0.000197 seconds.
  path: Assets/Models/LowPolyInterior/Prefabs/Kitchen/KitchenTabletop3_01.prefab
  artifactKey: Guid(145753d3fb55fb845896a1b3517fec50) Importer(815301076,1909f56bfc062723c751e8b465ee728b)
Start importing Assets/Models/LowPolyInterior/Prefabs/Kitchen/KitchenTabletop3_01.prefab using Guid(145753d3fb55fb845896a1b3517fec50) Importer(815301076,1909f56bfc062723c751e8b465ee728b) [PhysX] Initialized MultithreadedTaskDispatcher with 8 workers.
[PhysX] Initialized MultithreadedTaskDispatcher with 8 workers.
 -> (artifact id: 'b937535a24bfeb4f95a98f5a23f8ed50') in 0.016658 seconds
Number of updated asset objects reloaded before import = 0
Number of asset objects unloaded after import = 11
========================================================================
Received Import Request.
  Time since last request: 0.000567 seconds.
  path: Assets/Models/LowPolyInterior/Prefabs/Kitchen/KitchenTabletop2_04.prefab
  artifactKey: Guid(e72604dc845643a43a34b33bcb7c639f) Importer(815301076,1909f56bfc062723c751e8b465ee728b)
Start importing Assets/Models/LowPolyInterior/Prefabs/Kitchen/KitchenTabletop2_04.prefab using Guid(e72604dc845643a43a34b33bcb7c639f) Importer(815301076,1909f56bfc062723c751e8b465ee728b) [PhysX] Initialized MultithreadedTaskDispatcher with 8 workers.
[PhysX] Initialized MultithreadedTaskDispatcher with 8 workers.
 -> (artifact id: 'a863c46e34d977b8be4d6ab2f5bcc9c4') in 0.017202 seconds
Number of updated asset objects reloaded before import = 0
Number of asset objects unloaded after import = 11
========================================================================
Received Import Request.
  Time since last request: 1.173573 seconds.
  path: Assets/Models/LowPolyInterior/Prefabs/Kitchen/RangeHood.prefab
  artifactKey: Guid(e6b31ea5fd93fcb4395dac83cc6c86d1) Importer(815301076,1909f56bfc062723c751e8b465ee728b)
Start importing Assets/Models/LowPolyInterior/Prefabs/Kitchen/RangeHood.prefab using Guid(e6b31ea5fd93fcb4395dac83cc6c86d1) Importer(815301076,1909f56bfc062723c751e8b465ee728b) [PhysX] Initialized MultithreadedTaskDispatcher with 8 workers.
[PhysX] Initialized MultithreadedTaskDispatcher with 8 workers.
 -> (artifact id: '0900be6beea2db956e35ec5eab8ea453') in 0.009359 seconds
Number of updated asset objects reloaded before import = 0
Number of asset objects unloaded after import = 11
========================================================================
Received Prepare
Begin MonoManager ReloadAssembly
Thread 0x16fbf3000 may have been prematurely finalized
- Loaded All Assemblies, in  0.659 seconds
Refreshing native plugins compatible for Editor in 3.81 ms, found 3 plugins.
Native extension for WindowsStandalone target not found
Native extension for OSXStandalone target not found
Native extension for WebGL target not found
Mono: successfully reloaded assembly
- Finished resetting the current domain, in  2.440 seconds
Domain Reload Profiling: 3101ms
	BeginReloadAssembly (221ms)
		ExecutionOrderSort (0ms)
		DisableScriptedObjects (12ms)
		BackupInstance (0ms)
		ReleaseScriptingObjects (0ms)
		CreateAndSetChildDomain (99ms)
	RebuildCommonClasses (40ms)
	RebuildNativeTypeToScriptingClass (14ms)
	initialDomainReloadingComplete (30ms)
	LoadAllAssembliesAndSetupDomain (355ms)
		LoadAssemblies (387ms)
		RebuildTransferFunctionScriptingTraits (0ms)
		AnalyzeDomain (38ms)
			TypeCache.Refresh (18ms)
				TypeCache.ScanAssembly (0ms)
			ScanForSourceGeneratedMonoScriptInfo (0ms)
			ResolveRequiredComponents (19ms)
	FinalizeReload (2441ms)
		ReleaseScriptCaches (0ms)
		RebuildScriptCaches (0ms)
		SetupLoadedEditorAssemblies (1214ms)
			LogAssemblyErrors (0ms)
			InitializePlatformSupportModulesInManaged (7ms)
			SetLoadedEditorAssemblies (5ms)
			RefreshPlugins (0ms)
			BeforeProcessingInitializeOnLoad (94ms)
			ProcessInitializeOnLoadAttributes (1017ms)
			ProcessInitializeOnLoadMethodAttributes (89ms)
			AfterProcessingInitializeOnLoad (2ms)
			EditorAssembliesLoaded (0ms)
		ExecutionOrderSort2 (0ms)
		AwakeInstancesAfterBackupRestoration (29ms)
Refreshing native plugins compatible for Editor in 4.98 ms, found 3 plugins.
Preloading 0 native plugins for Editor in 0.00 ms.
Unloading 6052 Unused Serialized files (Serialized files now loaded: 0)
Unloading 99 unused Assets / (24.4 MB). Loaded Objects now: 6823.
Memory consumption went from 275.2 MB to 250.8 MB.
Total: 11.694083 ms (FindLiveObjects: 0.562458 ms CreateObjectMapping: 0.266000 ms MarkObjects: 6.901125 ms  DeleteObjects: 3.963458 ms)

Prepare: number of updated asset objects reloaded= 0
AssetImportParameters requested are different than current active one (requested -> active):
  custom:container-demuxer-ogg: 62fdf1f143b41e24485cea50d1cbac27 -> 
  custom:video-decoder-ogg-theora: a1e56fd34408186e4bbccfd4996cb3dc -> 
  custom:CustomObjectIndexerAttribute: 72b91833f83ae208fae7752999fa3104 -> 
  custom:container-demuxer-webm: 4f35f7cbe854078d1ac9338744f61a02 -> 
  custom:container-muxer-webm: aa71ff27fc2769a1b78a27578f13a17b -> 
  custom:video-decoder-webm-vp8: 9c59270c3fd7afecdb556c50c9e8de78 -> 
  custom:SearchIndexIgnoredProperties: e643bd26f0fe6173181afceb89e7c659 -> 
  custom:AudioImporter_EditorPlatform: 3918e3fc78b5a79bad01e8451be0beb8 -> 
  custom:framework-osx-AVFoundation: e770b220cccbd017edd2c1fefb359320 -> 
  custom:video-encoder-webm-vp8: eb34c28f22e8b96e1ab97ce403110664 -> 
  custom:audio-decoder-ogg-vorbis: bf7c407c2cedff20999df2af8eb42d56 -> 
  custom:audio-encoder-webm-vorbis: bf7c407c2cedff20999df2af8eb42d56 -> 
========================================================================
Received Prepare
Begin MonoManager ReloadAssembly
Thread 0x16fbf3000 may have been prematurely finalized
- Loaded All Assemblies, in  0.693 seconds
Refreshing native plugins compatible for Editor in 4.59 ms, found 3 plugins.
Native extension for WindowsStandalone target not found
Native extension for OSXStandalone target not found
Native extension for WebGL target not found
Mono: successfully reloaded assembly
- Finished resetting the current domain, in  2.687 seconds
Domain Reload Profiling: 3382ms
	BeginReloadAssembly (179ms)
		ExecutionOrderSort (0ms)
		DisableScriptedObjects (5ms)
		BackupInstance (0ms)
		ReleaseScriptingObjects (0ms)
		CreateAndSetChildDomain (76ms)
	RebuildCommonClasses (40ms)
	RebuildNativeTypeToScriptingClass (14ms)
	initialDomainReloadingComplete (26ms)
	LoadAllAssembliesAndSetupDomain (436ms)
		LoadAssemblies (436ms)
		RebuildTransferFunctionScriptingTraits (0ms)
		AnalyzeDomain (55ms)
			TypeCache.Refresh (24ms)
				TypeCache.ScanAssembly (0ms)
			ScanForSourceGeneratedMonoScriptInfo (0ms)
			ResolveRequiredComponents (29ms)
	FinalizeReload (2688ms)
		ReleaseScriptCaches (0ms)
		RebuildScriptCaches (0ms)
		SetupLoadedEditorAssemblies (1394ms)
			LogAssemblyErrors (1ms)
			InitializePlatformSupportModulesInManaged (17ms)
			SetLoadedEditorAssemblies (10ms)
			RefreshPlugins (0ms)
			BeforeProcessingInitializeOnLoad (188ms)
			ProcessInitializeOnLoadAttributes (1088ms)
			ProcessInitializeOnLoadMethodAttributes (89ms)
			AfterProcessingInitializeOnLoad (2ms)
			EditorAssembliesLoaded (0ms)
		ExecutionOrderSort2 (0ms)
		AwakeInstancesAfterBackupRestoration (33ms)
Refreshing native plugins compatible for Editor in 6.77 ms, found 3 plugins.
Preloading 0 native plugins for Editor in 0.00 ms.
Unloading 6052 Unused Serialized files (Serialized files now loaded: 0)
Unloading 99 unused Assets / (24.4 MB). Loaded Objects now: 6828.
Memory consumption went from 281.3 MB to 256.9 MB.
Total: 13.680833 ms (FindLiveObjects: 0.879459 ms CreateObjectMapping: 0.223959 ms MarkObjects: 7.325083 ms  DeleteObjects: 5.250917 ms)

Prepare: number of updated asset objects reloaded= 0
AssetImportParameters requested are different than current active one (requested -> active):
  custom:container-demuxer-ogg: 62fdf1f143b41e24485cea50d1cbac27 -> 
  custom:video-decoder-ogg-theora: a1e56fd34408186e4bbccfd4996cb3dc -> 
  custom:CustomObjectIndexerAttribute: 72b91833f83ae208fae7752999fa3104 -> 
  custom:container-demuxer-webm: 4f35f7cbe854078d1ac9338744f61a02 -> 
  custom:container-muxer-webm: aa71ff27fc2769a1b78a27578f13a17b -> 
  custom:video-decoder-webm-vp8: 9c59270c3fd7afecdb556c50c9e8de78 -> 
  custom:SearchIndexIgnoredProperties: e643bd26f0fe6173181afceb89e7c659 -> 
  custom:AudioImporter_EditorPlatform: 3918e3fc78b5a79bad01e8451be0beb8 -> 
  custom:framework-osx-AVFoundation: e770b220cccbd017edd2c1fefb359320 -> 
  custom:video-encoder-webm-vp8: eb34c28f22e8b96e1ab97ce403110664 -> 
  custom:audio-decoder-ogg-vorbis: bf7c407c2cedff20999df2af8eb42d56 -> 
  custom:audio-encoder-webm-vorbis: bf7c407c2cedff20999df2af8eb42d56 -> 
========================================================================
Received Import Request.
  Time since last request: 706.242925 seconds.
  path: Assets/Models/LowPolyInterior/Prefabs/InteractiveFurniture
  artifactKey: Guid(8d491a4ea6e0e9145a5d97802e06268c) Importer(815301076,1909f56bfc062723c751e8b465ee728b)
Start importing Assets/Models/LowPolyInterior/Prefabs/InteractiveFurniture using Guid(8d491a4ea6e0e9145a5d97802e06268c) Importer(815301076,1909f56bfc062723c751e8b465ee728b) [PhysX] Initialized MultithreadedTaskDispatcher with 8 workers.
 -> (artifact id: '20c1e2db5a7674805d5e2768cae54373') in 0.008195 seconds
Number of updated asset objects reloaded before import = 0
Number of asset objects unloaded after import = 0
========================================================================
Received Import Request.
  Time since last request: 0.000276 seconds.
  path: Assets/Models/LowPolyInterior/Prefabs/InteractiveFurniture/InteractiveFurniture_13.prefab
  artifactKey: Guid(0ebc4f62f2a26e54d9cef79f8891c5d8) Importer(815301076,1909f56bfc062723c751e8b465ee728b)
Start importing Assets/Models/LowPolyInterior/Prefabs/InteractiveFurniture/InteractiveFurniture_13.prefab using Guid(0ebc4f62f2a26e54d9cef79f8891c5d8) Importer(815301076,1909f56bfc062723c751e8b465ee728b) [PhysX] Initialized MultithreadedTaskDispatcher with 8 workers.
[PhysX] Initialized MultithreadedTaskDispatcher with 8 workers.
 -> (artifact id: '631247465e1c7044c69d6cd57e905e4b') in 0.472793 seconds
Number of updated asset objects reloaded before import = 0
Number of asset objects unloaded after import = 55
========================================================================
Received Import Request.
  Time since last request: 0.000099 seconds.
  path: Assets/Models/LowPolyInterior/Prefabs/InteractiveFurniture/InteractiveSink_01.prefab
  artifactKey: Guid(fc980bc712e66fc4dbf9a372d70f7531) Importer(815301076,1909f56bfc062723c751e8b465ee728b)
Start importing Assets/Models/LowPolyInterior/Prefabs/InteractiveFurniture/InteractiveSink_01.prefab using Guid(fc980bc712e66fc4dbf9a372d70f7531) Importer(815301076,1909f56bfc062723c751e8b465ee728b) [PhysX] Initialized MultithreadedTaskDispatcher with 8 workers.
[PhysX] Initialized MultithreadedTaskDispatcher with 8 workers.
 -> (artifact id: 'e5b1825a5d4d4cf47255ffa2e3168034') in 0.014135 seconds
Number of updated asset objects reloaded before import = 0
Number of asset objects unloaded after import = 35
========================================================================
Received Import Request.
  Time since last request: 0.000041 seconds.
  path: Assets/Models/LowPolyInterior/Prefabs/InteractiveFurniture/InteractiveSink_02.prefab
  artifactKey: Guid(9d47e73d2c7a52d4783e0ab0097b096c) Importer(815301076,1909f56bfc062723c751e8b465ee728b)
Start importing Assets/Models/LowPolyInterior/Prefabs/InteractiveFurniture/InteractiveSink_02.prefab using Guid(9d47e73d2c7a52d4783e0ab0097b096c) Importer(815301076,1909f56bfc062723c751e8b465ee728b) [PhysX] Initialized MultithreadedTaskDispatcher with 8 workers.
[PhysX] Initialized MultithreadedTaskDispatcher with 8 workers.
 -> (artifact id: 'ff0de9519775be99ee0f27cf39fd9202') in 0.012801 seconds
Number of updated asset objects reloaded before import = 0
Number of asset objects unloaded after import = 35
========================================================================
Received Import Request.
  Time since last request: 0.000064 seconds.
  path: Assets/Models/LowPolyInterior/Prefabs/InteractiveFurniture/InteractiveFurniture_07.prefab
  artifactKey: Guid(f271aca5ff5362b47afb20c27b9d20b9) Importer(815301076,1909f56bfc062723c751e8b465ee728b)
Start importing Assets/Models/LowPolyInterior/Prefabs/InteractiveFurniture/InteractiveFurniture_07.prefab using Guid(f271aca5ff5362b47afb20c27b9d20b9) Importer(815301076,1909f56bfc062723c751e8b465ee728b) [PhysX] Initialized MultithreadedTaskDispatcher with 8 workers.
[PhysX] Initialized MultithreadedTaskDispatcher with 8 workers.
 -> (artifact id: 'b06c74a043c071ebffffd0ead629889b') in 0.014551 seconds
Number of updated asset objects reloaded before import = 0
Number of asset objects unloaded after import = 61
========================================================================
Received Import Request.
  Time since last request: 0.000059 seconds.
  path: Assets/Models/LowPolyInterior/Prefabs/InteractiveFurniture/InteractiveFurniture_04.prefab
  artifactKey: Guid(09fce0d23ad2135419712d65f208331b) Importer(815301076,1909f56bfc062723c751e8b465ee728b)
Start importing Assets/Models/LowPolyInterior/Prefabs/InteractiveFurniture/InteractiveFurniture_04.prefab using Guid(09fce0d23ad2135419712d65f208331b) Importer(815301076,1909f56bfc062723c751e8b465ee728b) [PhysX] Initialized MultithreadedTaskDispatcher with 8 workers.
[PhysX] Initialized MultithreadedTaskDispatcher with 8 workers.
 -> (artifact id: '6b1119e28f57e9fd57065d77964f2d3f') in 0.013791 seconds
Number of updated asset objects reloaded before import = 0
Number of asset objects unloaded after import = 43
========================================================================
Received Import Request.
  Time since last request: 0.000549 seconds.
  path: Assets/Models/LowPolyInterior/Prefabs/InteractiveFurniture/InteractiveFurniture_14.prefab
  artifactKey: Guid(010d43eb21696d84692cb87cc2d62d14) Importer(815301076,1909f56bfc062723c751e8b465ee728b)
Start importing Assets/Models/LowPolyInterior/Prefabs/InteractiveFurniture/InteractiveFurniture_14.prefab using Guid(010d43eb21696d84692cb87cc2d62d14) Importer(815301076,1909f56bfc062723c751e8b465ee728b) [PhysX] Initialized MultithreadedTaskDispatcher with 8 workers.
[PhysX] Initialized MultithreadedTaskDispatcher with 8 workers.
 -> (artifact id: '76d175516771601b0f526612b2dd1978') in 0.011914 seconds
Number of updated asset objects reloaded before import = 0
Number of asset objects unloaded after import = 19
========================================================================
Received Import Request.
  Time since last request: 0.000187 seconds.
  path: Assets/Models/LowPolyInterior/Prefabs/InteractiveFurniture/InteractiveFurniture_03.prefab
  artifactKey: Guid(bc9080a23bccd8e4887f6a1ff1b1be24) Importer(815301076,1909f56bfc062723c751e8b465ee728b)
Start importing Assets/Models/LowPolyInterior/Prefabs/InteractiveFurniture/InteractiveFurniture_03.prefab using Guid(bc9080a23bccd8e4887f6a1ff1b1be24) Importer(815301076,1909f56bfc062723c751e8b465ee728b) [PhysX] Initialized MultithreadedTaskDispatcher with 8 workers.
[PhysX] Initialized MultithreadedTaskDispatcher with 8 workers.
 -> (artifact id: 'd20e139f6d42528812e1fed41e9a6fb3') in 0.020330 seconds
Number of updated asset objects reloaded before import = 0
Number of asset objects unloaded after import = 37
========================================================================
Received Import Request.
  Time since last request: 0.000073 seconds.
  path: Assets/Models/LowPolyInterior/Prefabs/InteractiveFurniture/InteractiveFurniture_10.prefab
  artifactKey: Guid(c00ea538aedf58a4fbf7d2308175e091) Importer(815301076,1909f56bfc062723c751e8b465ee728b)
Start importing Assets/Models/LowPolyInterior/Prefabs/InteractiveFurniture/InteractiveFurniture_10.prefab using Guid(c00ea538aedf58a4fbf7d2308175e091) Importer(815301076,1909f56bfc062723c751e8b465ee728b) [PhysX] Initialized MultithreadedTaskDispatcher with 8 workers.
[PhysX] Initialized MultithreadedTaskDispatcher with 8 workers.
 -> (artifact id: '5d1df5e5f5e3ffca0701d980f0c9f896') in 0.021139 seconds
Number of updated asset objects reloaded before import = 0
Number of asset objects unloaded after import = 61
========================================================================
Received Import Request.
  Time since last request: 0.000082 seconds.
  path: Assets/Models/LowPolyInterior/Prefabs/InteractiveFurniture/InteractiveFurniture_11.prefab
  artifactKey: Guid(e03c3b31fbe72d641a6be3646e9b5f1e) Importer(815301076,1909f56bfc062723c751e8b465ee728b)
Start importing Assets/Models/LowPolyInterior/Prefabs/InteractiveFurniture/InteractiveFurniture_11.prefab using Guid(e03c3b31fbe72d641a6be3646e9b5f1e) Importer(815301076,1909f56bfc062723c751e8b465ee728b) [PhysX] Initialized MultithreadedTaskDispatcher with 8 workers.
[PhysX] Initialized MultithreadedTaskDispatcher with 8 workers.
 -> (artifact id: 'f8d3dc5f0a1ddbae29110245d4855a31') in 0.019063 seconds
Number of updated asset objects reloaded before import = 0
Number of asset objects unloaded after import = 31
========================================================================
Received Import Request.
  Time since last request: 0.000050 seconds.
  path: Assets/Models/LowPolyInterior/Prefabs/InteractiveFurniture/InteractiveFurniture_15.prefab
  artifactKey: Guid(ef53681550b8c9e42b226492bc6ae7eb) Importer(815301076,1909f56bfc062723c751e8b465ee728b)
Start importing Assets/Models/LowPolyInterior/Prefabs/InteractiveFurniture/InteractiveFurniture_15.prefab using Guid(ef53681550b8c9e42b226492bc6ae7eb) Importer(815301076,1909f56bfc062723c751e8b465ee728b) [PhysX] Initialized MultithreadedTaskDispatcher with 8 workers.
[PhysX] Initialized MultithreadedTaskDispatcher with 8 workers.
 -> (artifact id: '76ab1dbcf6e104b2495196554324c598') in 0.016078 seconds
Number of updated asset objects reloaded before import = 0
Number of asset objects unloaded after import = 19
========================================================================
Received Import Request.
  Time since last request: 0.000125 seconds.
  path: Assets/Models/LowPolyInterior/Prefabs/InteractiveFurniture/InteractiveFurniture_05.prefab
  artifactKey: Guid(118f5c0f8a845fa4eb7aba6fe0213be0) Importer(815301076,1909f56bfc062723c751e8b465ee728b)
Start importing Assets/Models/LowPolyInterior/Prefabs/InteractiveFurniture/InteractiveFurniture_05.prefab using Guid(118f5c0f8a845fa4eb7aba6fe0213be0) Importer(815301076,1909f56bfc062723c751e8b465ee728b) [PhysX] Initialized MultithreadedTaskDispatcher with 8 workers.
[PhysX] Initialized MultithreadedTaskDispatcher with 8 workers.
 -> (artifact id: 'c6184185b4fe67706fd73656d91c0202') in 0.016853 seconds
Number of updated asset objects reloaded before import = 0
Number of asset objects unloaded after import = 43
========================================================================
Received Import Request.
  Time since last request: 0.000119 seconds.
  path: Assets/Models/LowPolyInterior/Prefabs/InteractiveFurniture/InteractiveFurniture_06.prefab
  artifactKey: Guid(d1ab15203f6ff044ca9f25076061931a) Importer(815301076,1909f56bfc062723c751e8b465ee728b)
Start importing Assets/Models/LowPolyInterior/Prefabs/InteractiveFurniture/InteractiveFurniture_06.prefab using Guid(d1ab15203f6ff044ca9f25076061931a) Importer(815301076,1909f56bfc062723c751e8b465ee728b) [PhysX] Initialized MultithreadedTaskDispatcher with 8 workers.
[PhysX] Initialized MultithreadedTaskDispatcher with 8 workers.
 -> (artifact id: '2fe9856ed25b2d5105a403bb2f1cdac1') in 0.016910 seconds
Number of updated asset objects reloaded before import = 0
Number of asset objects unloaded after import = 43
========================================================================
Received Import Request.
  Time since last request: 0.000119 seconds.
  path: Assets/Models/LowPolyInterior/Prefabs/InteractiveFurniture/InteractiveFurniture_16.prefab
  artifactKey: Guid(09310899521d4e341a13c4092abb3b24) Importer(815301076,1909f56bfc062723c751e8b465ee728b)
Start importing Assets/Models/LowPolyInterior/Prefabs/InteractiveFurniture/InteractiveFurniture_16.prefab using Guid(09310899521d4e341a13c4092abb3b24) Importer(815301076,1909f56bfc062723c751e8b465ee728b) [PhysX] Initialized MultithreadedTaskDispatcher with 8 workers.
[PhysX] Initialized MultithreadedTaskDispatcher with 8 workers.
 -> (artifact id: '37e7ec5db781071159a2ed4c36b5c391') in 0.016717 seconds
Number of updated asset objects reloaded before import = 0
Number of asset objects unloaded after import = 36
========================================================================
Received Import Request.
  Time since last request: 361.135064 seconds.
  path: Assets/Models/LowPolyInterior/Prefabs/KitchenObjects
  artifactKey: Guid(3b51d7519e5c83149ae85f6167405709) Importer(815301076,1909f56bfc062723c751e8b465ee728b)
Start importing Assets/Models/LowPolyInterior/Prefabs/KitchenObjects using Guid(3b51d7519e5c83149ae85f6167405709) Importer(815301076,1909f56bfc062723c751e8b465ee728b) [PhysX] Initialized MultithreadedTaskDispatcher with 8 workers.
 -> (artifact id: '84c504ee2e8bf0d87b5430bef82cfd54') in 0.003405 seconds
Number of updated asset objects reloaded before import = 0
Number of asset objects unloaded after import = 0
========================================================================
Received Import Request.
  Time since last request: 0.024835 seconds.
  path: Assets/Models/LowPolyInterior/Prefabs/KitchenObjects/Apple.prefab
  artifactKey: Guid(3faa669cb80455548924ba322fa8e119) Importer(815301076,1909f56bfc062723c751e8b465ee728b)
Start importing Assets/Models/LowPolyInterior/Prefabs/KitchenObjects/Apple.prefab using Guid(3faa669cb80455548924ba322fa8e119) Importer(815301076,1909f56bfc062723c751e8b465ee728b) [PhysX] Initialized MultithreadedTaskDispatcher with 8 workers.
[PhysX] Initialized MultithreadedTaskDispatcher with 8 workers.
 -> (artifact id: '354b2b955a793eae1338ff2678eb9ec1') in 0.087544 seconds
Number of updated asset objects reloaded before import = 0
Number of asset objects unloaded after import = 11
========================================================================
Received Import Request.
  Time since last request: 0.000050 seconds.
  path: Assets/Models/LowPolyInterior/Prefabs/KitchenObjects/Cup_03.prefab
  artifactKey: Guid(b57ffd2188698b0478d2a39f03388ca7) Importer(815301076,1909f56bfc062723c751e8b465ee728b)
Start importing Assets/Models/LowPolyInterior/Prefabs/KitchenObjects/Cup_03.prefab using Guid(b57ffd2188698b0478d2a39f03388ca7) Importer(815301076,1909f56bfc062723c751e8b465ee728b) [PhysX] Initialized MultithreadedTaskDispatcher with 8 workers.
[PhysX] Initialized MultithreadedTaskDispatcher with 8 workers.
 -> (artifact id: '65dd269d693b35c344d3750fc53dc189') in 0.022325 seconds
Number of updated asset objects reloaded before import = 0
Number of asset objects unloaded after import = 11
========================================================================
Received Import Request.
  Time since last request: 0.000138 seconds.
  path: Assets/Models/LowPolyInterior/Prefabs/KitchenObjects/Cup_01.prefab
  artifactKey: Guid(9b7be864c2a54e44a878adcfec2651e1) Importer(815301076,1909f56bfc062723c751e8b465ee728b)
Start importing Assets/Models/LowPolyInterior/Prefabs/KitchenObjects/Cup_01.prefab using Guid(9b7be864c2a54e44a878adcfec2651e1) Importer(815301076,1909f56bfc062723c751e8b465ee728b) [PhysX] Initialized MultithreadedTaskDispatcher with 8 workers.
[PhysX] Initialized MultithreadedTaskDispatcher with 8 workers.
 -> (artifact id: 'ffc2a17ba7d8f5a039a0637c9fd1bb06') in 0.011298 seconds
Number of updated asset objects reloaded before import = 0
Number of asset objects unloaded after import = 11
========================================================================
Received Import Request.
  Time since last request: 0.000050 seconds.
  path: Assets/Models/LowPolyInterior/Prefabs/KitchenObjects/Bottle.prefab
  artifactKey: Guid(1f0ae5fcf47ef8b4e9fbebaf5234757a) Importer(815301076,1909f56bfc062723c751e8b465ee728b)
Start importing Assets/Models/LowPolyInterior/Prefabs/KitchenObjects/Bottle.prefab using Guid(1f0ae5fcf47ef8b4e9fbebaf5234757a) Importer(815301076,1909f56bfc062723c751e8b465ee728b) [PhysX] Initialized MultithreadedTaskDispatcher with 8 workers.
[PhysX] Initialized MultithreadedTaskDispatcher with 8 workers.
 -> (artifact id: 'db1ae4b4549ea70e158cf01debc54f5d') in 0.017045 seconds
Number of updated asset objects reloaded before import = 0
Number of asset objects unloaded after import = 11
========================================================================
Received Import Request.
  Time since last request: 0.000061 seconds.
  path: Assets/Models/LowPolyInterior/Prefabs/KitchenObjects/Bread.prefab
  artifactKey: Guid(dbd59d1042fa4e649a177d80fca0c998) Importer(815301076,1909f56bfc062723c751e8b465ee728b)
Start importing Assets/Models/LowPolyInterior/Prefabs/KitchenObjects/Bread.prefab using Guid(dbd59d1042fa4e649a177d80fca0c998) Importer(815301076,1909f56bfc062723c751e8b465ee728b) [PhysX] Initialized MultithreadedTaskDispatcher with 8 workers.
[PhysX] Initialized MultithreadedTaskDispatcher with 8 workers.
 -> (artifact id: 'ac34d0fa4d5b01ed6d9e45a831105960') in 0.014659 seconds
Number of updated asset objects reloaded before import = 0
Number of asset objects unloaded after import = 11
========================================================================
Received Import Request.
  Time since last request: 0.000176 seconds.
  path: Assets/Models/LowPolyInterior/Prefabs/KitchenObjects/Knife_01.prefab
  artifactKey: Guid(8e190efad590aee4d9dc6b0075f8a6c4) Importer(815301076,1909f56bfc062723c751e8b465ee728b)
Start importing Assets/Models/LowPolyInterior/Prefabs/KitchenObjects/Knife_01.prefab using Guid(8e190efad590aee4d9dc6b0075f8a6c4) Importer(815301076,1909f56bfc062723c751e8b465ee728b) [PhysX] Initialized MultithreadedTaskDispatcher with 8 workers.
[PhysX] Initialized MultithreadedTaskDispatcher with 8 workers.
 -> (artifact id: '4cf0d49aa0eeb40c842ec6c1934fcbb6') in 0.015682 seconds
Number of updated asset objects reloaded before import = 0
Number of asset objects unloaded after import = 11
========================================================================
Received Import Request.
  Time since last request: 0.000116 seconds.
  path: Assets/Models/LowPolyInterior/Prefabs/KitchenObjects/Ketchup.prefab
  artifactKey: Guid(149491d31fbb5ae4498b85d1d39a440b) Importer(815301076,1909f56bfc062723c751e8b465ee728b)
Start importing Assets/Models/LowPolyInterior/Prefabs/KitchenObjects/Ketchup.prefab using Guid(149491d31fbb5ae4498b85d1d39a440b) Importer(815301076,1909f56bfc062723c751e8b465ee728b) [PhysX] Initialized MultithreadedTaskDispatcher with 8 workers.
[PhysX] Initialized MultithreadedTaskDispatcher with 8 workers.
 -> (artifact id: '74ddb0541eb0215445b7cf9beb6a9bb5') in 0.015346 seconds
Number of updated asset objects reloaded before import = 0
Number of asset objects unloaded after import = 11
========================================================================
Received Import Request.
  Time since last request: 0.000311 seconds.
  path: Assets/Models/LowPolyInterior/Prefabs/KitchenObjects/Cupcake.prefab
  artifactKey: Guid(131cda5f7882eaf40aa8a3d9a0b1edc3) Importer(815301076,1909f56bfc062723c751e8b465ee728b)
Start importing Assets/Models/LowPolyInterior/Prefabs/KitchenObjects/Cupcake.prefab using Guid(131cda5f7882eaf40aa8a3d9a0b1edc3) Importer(815301076,1909f56bfc062723c751e8b465ee728b) [PhysX] Initialized MultithreadedTaskDispatcher with 8 workers.
[PhysX] Initialized MultithreadedTaskDispatcher with 8 workers.
 -> (artifact id: '035587ad380f11abe41beea0dda7995a') in 0.021403 seconds
Number of updated asset objects reloaded before import = 0
Number of asset objects unloaded after import = 11
========================================================================
Received Import Request.
  Time since last request: 0.001602 seconds.
  path: Assets/Models/LowPolyInterior/Prefabs/KitchenObjects/CoffeeCup.prefab
  artifactKey: Guid(386f27937ef02ae4f90d0a138eb53743) Importer(815301076,1909f56bfc062723c751e8b465ee728b)
Start importing Assets/Models/LowPolyInterior/Prefabs/KitchenObjects/CoffeeCup.prefab using Guid(386f27937ef02ae4f90d0a138eb53743) Importer(815301076,1909f56bfc062723c751e8b465ee728b) [PhysX] Initialized MultithreadedTaskDispatcher with 8 workers.
[PhysX] Initialized MultithreadedTaskDispatcher with 8 workers.
 -> (artifact id: '7576450b09410ecb61879d4d0fe222b4') in 0.021369 seconds
Number of updated asset objects reloaded before import = 0
Number of asset objects unloaded after import = 11
========================================================================
Received Import Request.
  Time since last request: 0.000473 seconds.
  path: Assets/Models/LowPolyInterior/Prefabs/KitchenObjects/Cheese.prefab
  artifactKey: Guid(300f603efd0fadf40bc0104681e3da5e) Importer(815301076,1909f56bfc062723c751e8b465ee728b)
Start importing Assets/Models/LowPolyInterior/Prefabs/KitchenObjects/Cheese.prefab using Guid(300f603efd0fadf40bc0104681e3da5e) Importer(815301076,1909f56bfc062723c751e8b465ee728b) [PhysX] Initialized MultithreadedTaskDispatcher with 8 workers.
[PhysX] Initialized MultithreadedTaskDispatcher with 8 workers.
 -> (artifact id: '45751f5836639c1b5a9a89c41fd510b9') in 0.019626 seconds
Number of updated asset objects reloaded before import = 0
Number of asset objects unloaded after import = 11
========================================================================
Received Import Request.
  Time since last request: 0.000244 seconds.
  path: Assets/Models/LowPolyInterior/Prefabs/KitchenObjects/Cup_06.prefab
  artifactKey: Guid(ef1b9caa5da009f4ea8744101fff05de) Importer(815301076,1909f56bfc062723c751e8b465ee728b)
Start importing Assets/Models/LowPolyInterior/Prefabs/KitchenObjects/Cup_06.prefab using Guid(ef1b9caa5da009f4ea8744101fff05de) Importer(815301076,1909f56bfc062723c751e8b465ee728b) [PhysX] Initialized MultithreadedTaskDispatcher with 8 workers.
[PhysX] Initialized MultithreadedTaskDispatcher with 8 workers.
 -> (artifact id: 'e113a4d3abaf7eaf877f378c0f2214d7') in 0.020094 seconds
Number of updated asset objects reloaded before import = 0
Number of asset objects unloaded after import = 11
========================================================================
Received Import Request.
  Time since last request: 0.000089 seconds.
  path: Assets/Models/LowPolyInterior/Prefabs/KitchenObjects/Cup_02.prefab
  artifactKey: Guid(ade0a342a4a7971408e47efbd808fd42) Importer(815301076,1909f56bfc062723c751e8b465ee728b)
Start importing Assets/Models/LowPolyInterior/Prefabs/KitchenObjects/Cup_02.prefab using Guid(ade0a342a4a7971408e47efbd808fd42) Importer(815301076,1909f56bfc062723c751e8b465ee728b) [PhysX] Initialized MultithreadedTaskDispatcher with 8 workers.
[PhysX] Initialized MultithreadedTaskDispatcher with 8 workers.
 -> (artifact id: 'f84cf81f66b2811b1992fefd9221afef') in 0.016521 seconds
Number of updated asset objects reloaded before import = 0
Number of asset objects unloaded after import = 11
========================================================================
Received Import Request.
  Time since last request: 0.000106 seconds.
  path: Assets/Models/LowPolyInterior/Prefabs/KitchenObjects/HotDog.prefab
  artifactKey: Guid(c74152c9eaef6164fba479fa72d490d8) Importer(815301076,1909f56bfc062723c751e8b465ee728b)
Start importing Assets/Models/LowPolyInterior/Prefabs/KitchenObjects/HotDog.prefab using Guid(c74152c9eaef6164fba479fa72d490d8) Importer(815301076,1909f56bfc062723c751e8b465ee728b) [PhysX] Initialized MultithreadedTaskDispatcher with 8 workers.
[PhysX] Initialized MultithreadedTaskDispatcher with 8 workers.
 -> (artifact id: '725edf27299a6850dc7fcc95f44e4428') in 0.012888 seconds
Number of updated asset objects reloaded before import = 0
Number of asset objects unloaded after import = 11
========================================================================
Received Import Request.
  Time since last request: 0.000079 seconds.
  path: Assets/Models/LowPolyInterior/Prefabs/KitchenObjects/Cup_04.prefab
  artifactKey: Guid(d68c1fe33c4457942ba804f9f27e7a47) Importer(815301076,1909f56bfc062723c751e8b465ee728b)
Start importing Assets/Models/LowPolyInterior/Prefabs/KitchenObjects/Cup_04.prefab using Guid(d68c1fe33c4457942ba804f9f27e7a47) Importer(815301076,1909f56bfc062723c751e8b465ee728b) [PhysX] Initialized MultithreadedTaskDispatcher with 8 workers.
[PhysX] Initialized MultithreadedTaskDispatcher with 8 workers.
 -> (artifact id: '1c3ffd6d28055c8244fb0da10d021168') in 0.011715 seconds
Number of updated asset objects reloaded before import = 0
Number of asset objects unloaded after import = 11
========================================================================
Received Import Request.
  Time since last request: 0.000044 seconds.
  path: Assets/Models/LowPolyInterior/Prefabs/KitchenObjects/Carrot.prefab
  artifactKey: Guid(da754f73f0a4a464e864891cb23db3e7) Importer(815301076,1909f56bfc062723c751e8b465ee728b)
Start importing Assets/Models/LowPolyInterior/Prefabs/KitchenObjects/Carrot.prefab using Guid(da754f73f0a4a464e864891cb23db3e7) Importer(815301076,1909f56bfc062723c751e8b465ee728b) [PhysX] Initialized MultithreadedTaskDispatcher with 8 workers.
[PhysX] Initialized MultithreadedTaskDispatcher with 8 workers.
 -> (artifact id: 'a6881a58edb3df01745f83433ea9cc0f') in 0.012575 seconds
Number of updated asset objects reloaded before import = 0
Number of asset objects unloaded after import = 11
========================================================================
Received Import Request.
  Time since last request: 0.000067 seconds.
  path: Assets/Models/LowPolyInterior/Prefabs/KitchenObjects/Knife_03.prefab
  artifactKey: Guid(6005839ccbf313c4586d7f7f4a9961d7) Importer(815301076,1909f56bfc062723c751e8b465ee728b)
Start importing Assets/Models/LowPolyInterior/Prefabs/KitchenObjects/Knife_03.prefab using Guid(6005839ccbf313c4586d7f7f4a9961d7) Importer(815301076,1909f56bfc062723c751e8b465ee728b) [PhysX] Initialized MultithreadedTaskDispatcher with 8 workers.
[PhysX] Initialized MultithreadedTaskDispatcher with 8 workers.
 -> (artifact id: '0f90ba5b366117449d26cba6d7a037c5') in 0.013439 seconds
Number of updated asset objects reloaded before import = 0
Number of asset objects unloaded after import = 11
========================================================================
Received Import Request.
  Time since last request: 0.000073 seconds.
  path: Assets/Models/LowPolyInterior/Prefabs/KitchenObjects/Garlic.prefab
  artifactKey: Guid(9f123ed984a812c4daf315378a4fbaef) Importer(815301076,1909f56bfc062723c751e8b465ee728b)
Start importing Assets/Models/LowPolyInterior/Prefabs/KitchenObjects/Garlic.prefab using Guid(9f123ed984a812c4daf315378a4fbaef) Importer(815301076,1909f56bfc062723c751e8b465ee728b) [PhysX] Initialized MultithreadedTaskDispatcher with 8 workers.
[PhysX] Initialized MultithreadedTaskDispatcher with 8 workers.
 -> (artifact id: '32d5c0e1dacba33dd5dd36d8e7acd29f') in 0.013214 seconds
Number of updated asset objects reloaded before import = 0
Number of asset objects unloaded after import = 11
========================================================================
Received Import Request.
  Time since last request: 2.110262 seconds.
  path: Assets/Models/LowPolyInterior/Prefabs/KitchenObjects/Lollipop.prefab
  artifactKey: Guid(d9edea659ba007844b4c699e9e9c10af) Importer(815301076,1909f56bfc062723c751e8b465ee728b)
Start importing Assets/Models/LowPolyInterior/Prefabs/KitchenObjects/Lollipop.prefab using Guid(d9edea659ba007844b4c699e9e9c10af) Importer(815301076,1909f56bfc062723c751e8b465ee728b) [PhysX] Initialized MultithreadedTaskDispatcher with 8 workers.
[PhysX] Initialized MultithreadedTaskDispatcher with 8 workers.
 -> (artifact id: '4a76156cbf089a10f4c6b6ffa1447c9f') in 0.011049 seconds
Number of updated asset objects reloaded before import = 0
Number of asset objects unloaded after import = 11
========================================================================
Received Import Request.
  Time since last request: 0.000062 seconds.
  path: Assets/Models/LowPolyInterior/Prefabs/KitchenObjects/Pan_01.prefab
  artifactKey: Guid(5112905c34a9e044598681b81d1d286e) Importer(815301076,1909f56bfc062723c751e8b465ee728b)
Start importing Assets/Models/LowPolyInterior/Prefabs/KitchenObjects/Pan_01.prefab using Guid(5112905c34a9e044598681b81d1d286e) Importer(815301076,1909f56bfc062723c751e8b465ee728b) [PhysX] Initialized MultithreadedTaskDispatcher with 8 workers.
[PhysX] Initialized MultithreadedTaskDispatcher with 8 workers.
 -> (artifact id: '71ff7dbcc8cec7437caa2a67bf57dfdf') in 0.009243 seconds
Number of updated asset objects reloaded before import = 0
Number of asset objects unloaded after import = 11
========================================================================
Received Import Request.
  Time since last request: 0.000051 seconds.
  path: Assets/Models/LowPolyInterior/Prefabs/KitchenObjects/Mushroom_02.prefab
  artifactKey: Guid(204b50f754c9a1e458f314ab942f170c) Importer(815301076,1909f56bfc062723c751e8b465ee728b)
Start importing Assets/Models/LowPolyInterior/Prefabs/KitchenObjects/Mushroom_02.prefab using Guid(204b50f754c9a1e458f314ab942f170c) Importer(815301076,1909f56bfc062723c751e8b465ee728b) [PhysX] Initialized MultithreadedTaskDispatcher with 8 workers.
[PhysX] Initialized MultithreadedTaskDispatcher with 8 workers.
 -> (artifact id: '43f86e2e1ca60811c901e06e906bdeb2') in 0.009405 seconds
Number of updated asset objects reloaded before import = 0
Number of asset objects unloaded after import = 11
========================================================================
Received Import Request.
  Time since last request: 0.000045 seconds.
  path: Assets/Models/LowPolyInterior/Prefabs/KitchenObjects/Mustard.prefab
  artifactKey: Guid(f37ed04561cf4c440a772ee27b064040) Importer(815301076,1909f56bfc062723c751e8b465ee728b)
Start importing Assets/Models/LowPolyInterior/Prefabs/KitchenObjects/Mustard.prefab using Guid(f37ed04561cf4c440a772ee27b064040) Importer(815301076,1909f56bfc062723c751e8b465ee728b) [PhysX] Initialized MultithreadedTaskDispatcher with 8 workers.
[PhysX] Initialized MultithreadedTaskDispatcher with 8 workers.
 -> (artifact id: 'c07dcc20fe782864f9a3eb1f808c2863') in 0.009312 seconds
Number of updated asset objects reloaded before import = 0
Number of asset objects unloaded after import = 11
========================================================================
Received Import Request.
  Time since last request: 0.000089 seconds.
  path: Assets/Models/LowPolyInterior/Prefabs/KitchenObjects/Onion.prefab
  artifactKey: Guid(97c865c40a49629418dd0b0446affc77) Importer(815301076,1909f56bfc062723c751e8b465ee728b)
Start importing Assets/Models/LowPolyInterior/Prefabs/KitchenObjects/Onion.prefab using Guid(97c865c40a49629418dd0b0446affc77) Importer(815301076,1909f56bfc062723c751e8b465ee728b) [PhysX] Initialized MultithreadedTaskDispatcher with 8 workers.
[PhysX] Initialized MultithreadedTaskDispatcher with 8 workers.
 -> (artifact id: '694a4d6fd44b7a86cff18318101d6e2e') in 0.013786 seconds
Number of updated asset objects reloaded before import = 0
Number of asset objects unloaded after import = 11
========================================================================
Received Import Request.
  Time since last request: 0.000049 seconds.
  path: Assets/Models/LowPolyInterior/Prefabs/KitchenObjects/Orange.prefab
  artifactKey: Guid(10ccad31f79bda44e9e6702a2b5ae66c) Importer(815301076,1909f56bfc062723c751e8b465ee728b)
Start importing Assets/Models/LowPolyInterior/Prefabs/KitchenObjects/Orange.prefab using Guid(10ccad31f79bda44e9e6702a2b5ae66c) Importer(815301076,1909f56bfc062723c751e8b465ee728b) [PhysX] Initialized MultithreadedTaskDispatcher with 8 workers.
[PhysX] Initialized MultithreadedTaskDispatcher with 8 workers.
 -> (artifact id: '215f254d11ce442046bbf63e19ee57de') in 0.008840 seconds
Number of updated asset objects reloaded before import = 0
Number of asset objects unloaded after import = 11
========================================================================
Received Import Request.
  Time since last request: 2.664260 seconds.
  path: Assets/Models/LowPolyInterior/Prefabs/KitchenObjects/Pizza_01.prefab
  artifactKey: Guid(3a6960c4527177a499486b9214574cc4) Importer(815301076,1909f56bfc062723c751e8b465ee728b)
Start importing Assets/Models/LowPolyInterior/Prefabs/KitchenObjects/Pizza_01.prefab using Guid(3a6960c4527177a499486b9214574cc4) Importer(815301076,1909f56bfc062723c751e8b465ee728b) [PhysX] Initialized MultithreadedTaskDispatcher with 8 workers.
[PhysX] Initialized MultithreadedTaskDispatcher with 8 workers.
 -> (artifact id: '0d02ce4a96eee67ff3e98f3509a9cf3f') in 0.011962 seconds
Number of updated asset objects reloaded before import = 0
Number of asset objects unloaded after import = 11
========================================================================
Received Import Request.
  Time since last request: 0.000065 seconds.
  path: Assets/Models/LowPolyInterior/Prefabs/KitchenObjects/Plate_02.prefab
  artifactKey: Guid(8cedbe2c35e093945b3b9dae8f5638ea) Importer(815301076,1909f56bfc062723c751e8b465ee728b)
Start importing Assets/Models/LowPolyInterior/Prefabs/KitchenObjects/Plate_02.prefab using Guid(8cedbe2c35e093945b3b9dae8f5638ea) Importer(815301076,1909f56bfc062723c751e8b465ee728b) [PhysX] Initialized MultithreadedTaskDispatcher with 8 workers.
[PhysX] Initialized MultithreadedTaskDispatcher with 8 workers.
 -> (artifact id: '676c7966dbacd640c31f450cb7053093') in 0.010957 seconds
Number of updated asset objects reloaded before import = 0
Number of asset objects unloaded after import = 11
========================================================================
Received Import Request.
  Time since last request: 0.000102 seconds.
  path: Assets/Models/LowPolyInterior/Prefabs/KitchenObjects/Plate_04.prefab
  artifactKey: Guid(7e978a4c398453f43878e3305ed461d4) Importer(815301076,1909f56bfc062723c751e8b465ee728b)
Start importing Assets/Models/LowPolyInterior/Prefabs/KitchenObjects/Plate_04.prefab using Guid(7e978a4c398453f43878e3305ed461d4) Importer(815301076,1909f56bfc062723c751e8b465ee728b) [PhysX] Initialized MultithreadedTaskDispatcher with 8 workers.
[PhysX] Initialized MultithreadedTaskDispatcher with 8 workers.
 -> (artifact id: 'cc4fb3873be2f0d16291f7863dfa8a98') in 0.010531 seconds
Number of updated asset objects reloaded before import = 0
Number of asset objects unloaded after import = 11
========================================================================
Received Import Request.
  Time since last request: 0.000059 seconds.
  path: Assets/Models/LowPolyInterior/Prefabs/KitchenObjects/Plate_06.prefab
  artifactKey: Guid(2354da0f36261ef4cb100ae9e66c7ae3) Importer(815301076,1909f56bfc062723c751e8b465ee728b)
Start importing Assets/Models/LowPolyInterior/Prefabs/KitchenObjects/Plate_06.prefab using Guid(2354da0f36261ef4cb100ae9e66c7ae3) Importer(815301076,1909f56bfc062723c751e8b465ee728b) [PhysX] Initialized MultithreadedTaskDispatcher with 8 workers.
[PhysX] Initialized MultithreadedTaskDispatcher with 8 workers.
 -> (artifact id: '4561e82615f45ec0926283feea08981f') in 0.009063 seconds
Number of updated asset objects reloaded before import = 0
Number of asset objects unloaded after import = 11
========================================================================
Received Import Request.
  Time since last request: 0.000065 seconds.
  path: Assets/Models/LowPolyInterior/Prefabs/KitchenObjects/Plate_03.prefab
  artifactKey: Guid(733d8012da1fb3f47a42de9c7a4ecfaa) Importer(815301076,1909f56bfc062723c751e8b465ee728b)
Start importing Assets/Models/LowPolyInterior/Prefabs/KitchenObjects/Plate_03.prefab using Guid(733d8012da1fb3f47a42de9c7a4ecfaa) Importer(815301076,1909f56bfc062723c751e8b465ee728b) [PhysX] Initialized MultithreadedTaskDispatcher with 8 workers.
[PhysX] Initialized MultithreadedTaskDispatcher with 8 workers.
 -> (artifact id: '80000546bb8693565e5ae47972d7b656') in 0.016876 seconds
Number of updated asset objects reloaded before import = 0
Number of asset objects unloaded after import = 11
========================================================================
Received Import Request.
  Time since last request: 0.295672 seconds.
  path: Assets/Models/LowPolyInterior/Prefabs/KitchenObjects/Potato.prefab
  artifactKey: Guid(4bf681324a653fe4ca57287ed6f56c2b) Importer(815301076,1909f56bfc062723c751e8b465ee728b)
Start importing Assets/Models/LowPolyInterior/Prefabs/KitchenObjects/Potato.prefab using Guid(4bf681324a653fe4ca57287ed6f56c2b) Importer(815301076,1909f56bfc062723c751e8b465ee728b) [PhysX] Initialized MultithreadedTaskDispatcher with 8 workers.
[PhysX] Initialized MultithreadedTaskDispatcher with 8 workers.
 -> (artifact id: '415ae9f5040c33c9961a78799093e738') in 0.009392 seconds
Number of updated asset objects reloaded before import = 0
Number of asset objects unloaded after import = 11
========================================================================
Received Import Request.
  Time since last request: 0.000046 seconds.
  path: Assets/Models/LowPolyInterior/Prefabs/KitchenObjects/Steak_01.prefab
  artifactKey: Guid(6524145838ab28c4a99d218429dc3403) Importer(815301076,1909f56bfc062723c751e8b465ee728b)
Start importing Assets/Models/LowPolyInterior/Prefabs/KitchenObjects/Steak_01.prefab using Guid(6524145838ab28c4a99d218429dc3403) Importer(815301076,1909f56bfc062723c751e8b465ee728b) [PhysX] Initialized MultithreadedTaskDispatcher with 8 workers.
[PhysX] Initialized MultithreadedTaskDispatcher with 8 workers.
 -> (artifact id: '3b64998824efc96a9d1044bfe1196980') in 0.009010 seconds
Number of updated asset objects reloaded before import = 0
Number of asset objects unloaded after import = 11
========================================================================
Received Import Request.
  Time since last request: 0.000064 seconds.
  path: Assets/Models/LowPolyInterior/Prefabs/KitchenObjects/Steak_03.prefab
  artifactKey: Guid(915cf00eaaf8c38429869e7fef2dc6d0) Importer(815301076,1909f56bfc062723c751e8b465ee728b)
Start importing Assets/Models/LowPolyInterior/Prefabs/KitchenObjects/Steak_03.prefab using Guid(915cf00eaaf8c38429869e7fef2dc6d0) Importer(815301076,1909f56bfc062723c751e8b465ee728b) [PhysX] Initialized MultithreadedTaskDispatcher with 8 workers.
[PhysX] Initialized MultithreadedTaskDispatcher with 8 workers.
 -> (artifact id: '3558b169a8ea6a2205ffd7c43c66ab27') in 0.011175 seconds
Number of updated asset objects reloaded before import = 0
Number of asset objects unloaded after import = 11
========================================================================
Received Import Request.
  Time since last request: 0.000045 seconds.
  path: Assets/Models/LowPolyInterior/Prefabs/KitchenObjects/Sandwich.prefab
  artifactKey: Guid(420b0bd05f625fb4089dd5a7f2e79a5f) Importer(815301076,1909f56bfc062723c751e8b465ee728b)
Start importing Assets/Models/LowPolyInterior/Prefabs/KitchenObjects/Sandwich.prefab using Guid(420b0bd05f625fb4089dd5a7f2e79a5f) Importer(815301076,1909f56bfc062723c751e8b465ee728b) [PhysX] Initialized MultithreadedTaskDispatcher with 8 workers.
[PhysX] Initialized MultithreadedTaskDispatcher with 8 workers.
 -> (artifact id: '450e50f0b3b8a2cd7f08aca0dfd44600') in 0.010804 seconds
Number of updated asset objects reloaded before import = 0
Number of asset objects unloaded after import = 11
========================================================================
Received Import Request.
  Time since last request: 0.000039 seconds.
  path: Assets/Models/LowPolyInterior/Prefabs/KitchenObjects/Toaster.prefab
  artifactKey: Guid(f07fcee29942916418b647ec33f5ab22) Importer(815301076,1909f56bfc062723c751e8b465ee728b)
Start importing Assets/Models/LowPolyInterior/Prefabs/KitchenObjects/Toaster.prefab using Guid(f07fcee29942916418b647ec33f5ab22) Importer(815301076,1909f56bfc062723c751e8b465ee728b) [PhysX] Initialized MultithreadedTaskDispatcher with 8 workers.
[PhysX] Initialized MultithreadedTaskDispatcher with 8 workers.
 -> (artifact id: 'fe6b539d0b2b164d9e7fbb111a570755') in 0.009262 seconds
Number of updated asset objects reloaded before import = 0
Number of asset objects unloaded after import = 11
========================================================================
Received Import Request.
  Time since last request: 0.132603 seconds.
  path: Assets/Models/LowPolyInterior/Prefabs/KitchenObjects/Watermelon_02.prefab
  artifactKey: Guid(3f1703587481a694b9af8e79df2bf0a1) Importer(815301076,1909f56bfc062723c751e8b465ee728b)
Start importing Assets/Models/LowPolyInterior/Prefabs/KitchenObjects/Watermelon_02.prefab using Guid(3f1703587481a694b9af8e79df2bf0a1) Importer(815301076,1909f56bfc062723c751e8b465ee728b) [PhysX] Initialized MultithreadedTaskDispatcher with 8 workers.
[PhysX] Initialized MultithreadedTaskDispatcher with 8 workers.
 -> (artifact id: '636d40769809945a32752a532998ece1') in 0.008422 seconds
Number of updated asset objects reloaded before import = 0
Number of asset objects unloaded after import = 11
========================================================================
Received Import Request.
  Time since last request: 205.619382 seconds.
  path: Assets/Models/LowPolyInterior/Materials/LowPolyInterior_MAIN 4.mat
  artifactKey: Guid(dc2e377b569f348149f9d2268ee8948c) Importer(815301076,1909f56bfc062723c751e8b465ee728b)
Start importing Assets/Models/LowPolyInterior/Materials/LowPolyInterior_MAIN 4.mat using Guid(dc2e377b569f348149f9d2268ee8948c) Importer(815301076,1909f56bfc062723c751e8b465ee728b) [PhysX] Initialized MultithreadedTaskDispatcher with 8 workers.
[PhysX] Initialized MultithreadedTaskDispatcher with 8 workers.
 -> (artifact id: 'c7f541d4d2c2e7a9b86c7fe963eefcab') in 0.085451 seconds
Number of updated asset objects reloaded before import = 0
Number of asset objects unloaded after import = 3
========================================================================
Received Import Request.
  Time since last request: 6.187233 seconds.
  path: Assets/Models/LowPolyInterior/Materials/Board.mat
  artifactKey: Guid(dc2e377b569f348149f9d2268ee8948c) Importer(815301076,1909f56bfc062723c751e8b465ee728b)
Start importing Assets/Models/LowPolyInterior/Materials/Board.mat using Guid(dc2e377b569f348149f9d2268ee8948c) Importer(815301076,1909f56bfc062723c751e8b465ee728b) [PhysX] Initialized MultithreadedTaskDispatcher with 8 workers.
[PhysX] Initialized MultithreadedTaskDispatcher with 8 workers.
 -> (artifact id: '8fadefc1751992a86dcb9686666cf797') in 0.023274 seconds
Number of updated asset objects reloaded before import = 0
Number of asset objects unloaded after import = 3
========================================================================
Received Prepare
Begin MonoManager ReloadAssembly
Thread 0x16fbf3000 may have been prematurely finalized
- Loaded All Assemblies, in  0.849 seconds
Refreshing native plugins compatible for Editor in 5.02 ms, found 3 plugins.
Native extension for WindowsStandalone target not found
Native extension for OSXStandalone target not found
Native extension for WebGL target not found
Mono: successfully reloaded assembly
- Finished resetting the current domain, in  3.021 seconds
Domain Reload Profiling: 3875ms
	BeginReloadAssembly (248ms)
		ExecutionOrderSort (0ms)
		DisableScriptedObjects (18ms)
		BackupInstance (0ms)
		ReleaseScriptingObjects (0ms)
		CreateAndSetChildDomain (110ms)
	RebuildCommonClasses (55ms)
	RebuildNativeTypeToScriptingClass (19ms)
	initialDomainReloadingComplete (33ms)
	LoadAllAssembliesAndSetupDomain (497ms)
		LoadAssemblies (502ms)
		RebuildTransferFunctionScriptingTraits (0ms)
		AnalyzeDomain (66ms)
			TypeCache.Refresh (34ms)
				TypeCache.ScanAssembly (0ms)
			ScanForSourceGeneratedMonoScriptInfo (1ms)
			ResolveRequiredComponents (30ms)
	FinalizeReload (3022ms)
		ReleaseScriptCaches (0ms)
		RebuildScriptCaches (0ms)
		SetupLoadedEditorAssemblies (1466ms)
			LogAssemblyErrors (0ms)
			InitializePlatformSupportModulesInManaged (14ms)
			SetLoadedEditorAssemblies (9ms)
			RefreshPlugins (0ms)
			BeforeProcessingInitializeOnLoad (201ms)
			ProcessInitializeOnLoadAttributes (1148ms)
			ProcessInitializeOnLoadMethodAttributes (93ms)
			AfterProcessingInitializeOnLoad (1ms)
			EditorAssembliesLoaded (0ms)
		ExecutionOrderSort2 (0ms)
		AwakeInstancesAfterBackupRestoration (34ms)
Refreshing native plugins compatible for Editor in 4.60 ms, found 3 plugins.
Preloading 0 native plugins for Editor in 0.00 ms.
Unloading 6052 Unused Serialized files (Serialized files now loaded: 0)
Unloading 99 unused Assets / (24.4 MB). Loaded Objects now: 6903.
Memory consumption went from 290.4 MB to 266.0 MB.
Total: 11.351875 ms (FindLiveObjects: 0.553125 ms CreateObjectMapping: 0.230167 ms MarkObjects: 6.843791 ms  DeleteObjects: 3.723584 ms)

Prepare: number of updated asset objects reloaded= 0
AssetImportParameters requested are different than current active one (requested -> active):
  custom:container-demuxer-ogg: 62fdf1f143b41e24485cea50d1cbac27 -> 
  custom:video-decoder-ogg-theora: a1e56fd34408186e4bbccfd4996cb3dc -> 
  custom:CustomObjectIndexerAttribute: 72b91833f83ae208fae7752999fa3104 -> 
  custom:container-demuxer-webm: 4f35f7cbe854078d1ac9338744f61a02 -> 
  custom:container-muxer-webm: aa71ff27fc2769a1b78a27578f13a17b -> 
  custom:video-decoder-webm-vp8: 9c59270c3fd7afecdb556c50c9e8de78 -> 
  custom:SearchIndexIgnoredProperties: e643bd26f0fe6173181afceb89e7c659 -> 
  custom:AudioImporter_EditorPlatform: 3918e3fc78b5a79bad01e8451be0beb8 -> 
  custom:framework-osx-AVFoundation: e770b220cccbd017edd2c1fefb359320 -> 
  custom:video-encoder-webm-vp8: eb34c28f22e8b96e1ab97ce403110664 -> 
  custom:audio-decoder-ogg-vorbis: bf7c407c2cedff20999df2af8eb42d56 -> 
  custom:audio-encoder-webm-vorbis: bf7c407c2cedff20999df2af8eb42d56 -> 
========================================================================
Received Import Request.
  Time since last request: 983.601726 seconds.
  path: Assets/Models/LowPolyInterior/Materials/Board.mat
  artifactKey: Guid(dc2e377b569f348149f9d2268ee8948c) Importer(815301076,1909f56bfc062723c751e8b465ee728b)
Start importing Assets/Models/LowPolyInterior/Materials/Board.mat using Guid(dc2e377b569f348149f9d2268ee8948c) Importer(815301076,1909f56bfc062723c751e8b465ee728b) [PhysX] Initialized MultithreadedTaskDispatcher with 8 workers.
[PhysX] Initialized MultithreadedTaskDispatcher with 8 workers.
 -> (artifact id: '9b0c03c499e9e8b0251194b8f0428ef4') in 0.370816 seconds
Number of updated asset objects reloaded before import = 0
Number of asset objects unloaded after import = 22
========================================================================
Received Import Request.
  Time since last request: 338.608877 seconds.
  path: Assets/Models/LowPolyInterior/Prefabs/BG.prefab
  artifactKey: Guid(b0f74fe0b17fd80478b7ad0f1f98d80c) Importer(815301076,1909f56bfc062723c751e8b465ee728b)
Start importing Assets/Models/LowPolyInterior/Prefabs/BG.prefab using Guid(b0f74fe0b17fd80478b7ad0f1f98d80c) Importer(815301076,1909f56bfc062723c751e8b465ee728b) [PhysX] Initialized MultithreadedTaskDispatcher with 8 workers.
[PhysX] Initialized MultithreadedTaskDispatcher with 8 workers.
 -> (artifact id: 'dd147ca13ab628c7c8a4518df49a3355') in 0.086215 seconds
Number of updated asset objects reloaded before import = 0
Number of asset objects unloaded after import = 10
========================================================================
Received Import Request.
  Time since last request: 28.698626 seconds.
  path: Assets/Models/LowPolyInterior/Materials/LowPolyInterior_MAIN 4.mat
  artifactKey: Guid(e5708d64adec0433d8174b9d3b37e309) Importer(815301076,1909f56bfc062723c751e8b465ee728b)
Start importing Assets/Models/LowPolyInterior/Materials/LowPolyInterior_MAIN 4.mat using Guid(e5708d64adec0433d8174b9d3b37e309) Importer(815301076,1909f56bfc062723c751e8b465ee728b) [PhysX] Initialized MultithreadedTaskDispatcher with 8 workers.
[PhysX] Initialized MultithreadedTaskDispatcher with 8 workers.
 -> (artifact id: '19010f6db2a6bb0ea7fe16877399d529') in 0.023280 seconds
Number of updated asset objects reloaded before import = 0
Number of asset objects unloaded after import = 3
========================================================================
Received Import Request.
  Time since last request: 9.720877 seconds.
  path: Assets/Models/LowPolyInterior/Materials/Dining table.mat
  artifactKey: Guid(e5708d64adec0433d8174b9d3b37e309) Importer(815301076,1909f56bfc062723c751e8b465ee728b)
Start importing Assets/Models/LowPolyInterior/Materials/Dining table.mat using Guid(e5708d64adec0433d8174b9d3b37e309) Importer(815301076,1909f56bfc062723c751e8b465ee728b) [PhysX] Initialized MultithreadedTaskDispatcher with 8 workers.
[PhysX] Initialized MultithreadedTaskDispatcher with 8 workers.
 -> (artifact id: '61555cb6e01897ffec7ce23a51523cb2') in 0.026942 seconds
Number of updated asset objects reloaded before import = 0
Number of asset objects unloaded after import = 3
========================================================================
Received Prepare
Begin MonoManager ReloadAssembly
Thread 0x16fbf3000 may have been prematurely finalized
- Loaded All Assemblies, in  0.798 seconds
Refreshing native plugins compatible for Editor in 11.18 ms, found 3 plugins.
Native extension for WindowsStandalone target not found
Native extension for OSXStandalone target not found
Native extension for WebGL target not found
Mono: successfully reloaded assembly
- Finished resetting the current domain, in  2.771 seconds
Domain Reload Profiling: 3576ms
	BeginReloadAssembly (201ms)
		ExecutionOrderSort (0ms)
		DisableScriptedObjects (12ms)
		BackupInstance (0ms)
		ReleaseScriptingObjects (0ms)
		CreateAndSetChildDomain (80ms)
	RebuildCommonClasses (51ms)
	RebuildNativeTypeToScriptingClass (17ms)
	initialDomainReloadingComplete (33ms)
	LoadAllAssembliesAndSetupDomain (503ms)
		LoadAssemblies (514ms)
		RebuildTransferFunctionScriptingTraits (0ms)
		AnalyzeDomain (52ms)
			TypeCache.Refresh (32ms)
				TypeCache.ScanAssembly (0ms)
			ScanForSourceGeneratedMonoScriptInfo (0ms)
			ResolveRequiredComponents (19ms)
	FinalizeReload (2772ms)
		ReleaseScriptCaches (0ms)
		RebuildScriptCaches (0ms)
		SetupLoadedEditorAssemblies (1457ms)
			LogAssemblyErrors (0ms)
			InitializePlatformSupportModulesInManaged (14ms)
			SetLoadedEditorAssemblies (10ms)
			RefreshPlugins (0ms)
			BeforeProcessingInitializeOnLoad (199ms)
			ProcessInitializeOnLoadAttributes (1109ms)
			ProcessInitializeOnLoadMethodAttributes (123ms)
			AfterProcessingInitializeOnLoad (2ms)
			EditorAssembliesLoaded (0ms)
		ExecutionOrderSort2 (0ms)
		AwakeInstancesAfterBackupRestoration (33ms)
Refreshing native plugins compatible for Editor in 4.21 ms, found 3 plugins.
Preloading 0 native plugins for Editor in 0.00 ms.
Unloading 6052 Unused Serialized files (Serialized files now loaded: 0)
Unloading 99 unused Assets / (24.4 MB). Loaded Objects now: 6945.
Memory consumption went from 299.2 MB to 274.8 MB.
Total: 12.392916 ms (FindLiveObjects: 0.588500 ms CreateObjectMapping: 0.216667 ms MarkObjects: 7.122375 ms  DeleteObjects: 4.464334 ms)

Prepare: number of updated asset objects reloaded= 0
AssetImportParameters requested are different than current active one (requested -> active):
  custom:container-demuxer-ogg: 62fdf1f143b41e24485cea50d1cbac27 -> 
  custom:video-decoder-ogg-theora: a1e56fd34408186e4bbccfd4996cb3dc -> 
  custom:CustomObjectIndexerAttribute: 72b91833f83ae208fae7752999fa3104 -> 
  custom:container-demuxer-webm: 4f35f7cbe854078d1ac9338744f61a02 -> 
  custom:container-muxer-webm: aa71ff27fc2769a1b78a27578f13a17b -> 
  custom:video-decoder-webm-vp8: 9c59270c3fd7afecdb556c50c9e8de78 -> 
  custom:SearchIndexIgnoredProperties: e643bd26f0fe6173181afceb89e7c659 -> 
  custom:AudioImporter_EditorPlatform: 3918e3fc78b5a79bad01e8451be0beb8 -> 
  custom:framework-osx-AVFoundation: e770b220cccbd017edd2c1fefb359320 -> 
  custom:video-encoder-webm-vp8: eb34c28f22e8b96e1ab97ce403110664 -> 
  custom:audio-decoder-ogg-vorbis: bf7c407c2cedff20999df2af8eb42d56 -> 
  custom:audio-encoder-webm-vorbis: bf7c407c2cedff20999df2af8eb42d56 -> 
========================================================================
Received Import Request.
  Time since last request: 955.689149 seconds.
  path: Assets/Models/LowPolyInterior/Materials/Dining table.mat
  artifactKey: Guid(e5708d64adec0433d8174b9d3b37e309) Importer(815301076,1909f56bfc062723c751e8b465ee728b)
Start importing Assets/Models/LowPolyInterior/Materials/Dining table.mat using Guid(e5708d64adec0433d8174b9d3b37e309) Importer(815301076,1909f56bfc062723c751e8b465ee728b) [PhysX] Initialized MultithreadedTaskDispatcher with 8 workers.
[PhysX] Initialized MultithreadedTaskDispatcher with 8 workers.
 -> (artifact id: '33ff8cf5f862e25c1c6fa66eabfccf73') in 0.495175 seconds
Number of updated asset objects reloaded before import = 0
Number of asset objects unloaded after import = 22
